Workbook

Sheet student_habits_performance
A1: student_id | B1: age | C1: gender | D1: study_hours_per_day | E1: social_media_hours | F1: netflix_hours | G1: part_time_job | H1: attendance_percentage | I1: sleep_hours | J1: diet_quality | K1: exercise_frequency | L1: parental_education_level | M1: internet_quality | N1: mental_health_rating | O1: extracurricular_participation | P1: exam_score
A2: S1000 | B2: 23 | C2: Female | D2: 0 | E2: 1.2 | F2: 1.1 | G2: No | H2: 85 | I2: 8 | J2: Fair | K2: 6 | L2: Master | M2: Average | N2: 8 | O2: Yes | P2: 56.2 | Q2: =ROUND(P2/25,0) -> 2
A3: S1001 | B3: 20 | C3: Female | D3: 6.9 | E3: 2.8 | F3: 2.3 | G3: No | H3: 97.3 | I3: 4.6 | J3: Good | K3: 6 | L3: High School | M3: Average | N3: 8 | O3: No | P3: 100 | Q3: =ROUND(P3/25,0) -> 4
A4: S1002 | B4: 21 | C4: Male | D4: 1.4 | E4: 3.1 | F4: 1.3 | G4: No | H4: 94.8 | I4: 8 | J4: Poor | K4: 1 | L4: High School | M4: Poor | N4: 1 | O4: No | P4: 34.3 | Q4: =ROUND(P4/25,0) -> 1
A5: S1003 | B5: 23 | C5: Female | D5: 1 | E5: 3.9 | F5: 1 | G5: No | H5: 71 | I5: 9.2 | J5: Poor | K5: 4 | L5: Master | M5: Good | N5: 1 | O5: Yes | P5: 26.8 | Q5: =ROUND(P5/25,0) -> 1
A6: S1004 | B6: 19 | C6: Female | D6: 5 | E6: 4.4 | F6: 0.5 | G6: No | H6: 90.9 | I6: 4.9 | J6: Fair | K6: 3 | L6: Master | M6: Good | N6: 1 | O6: No | P6: 66.4 | Q6: =ROUND(P6/25,0) -> 3
A7: S1005 | B7: 24 | C7: Male | D7: 7.2 | E7: 1.3 | F7: 0 | G7: No | H7: 82.9 | I7: 7.4 | J7: Fair | K7: 1 | L7: Master | M7: Average | N7: 4 | O7: No | P7: 100 | Q7: =ROUND(P7/25,0) -> 4
A8: S1006 | B8: 21 | C8: Female | D8: 5.6 | E8: 1.5 | F8: 1.4 | G8: Yes | H8: 85.8 | I8: 6.5 | J8: Good | K8: 2 | L8: Master | M8: Poor | N8: 4 | O8: No | P8: 89.8 | Q8: =ROUND(P8/25,0) -> 4
A9: S1007 | B9: 21 | C9: Female | D9: 4.3 | E9: 1 | F9: 2 | G9: Yes | H9: 77.7 | I9: 4.6 | J9: Fair | K9: 0 | L9: Bachelor | M9: Average | N9: 8 | O9: No | P9: 72.6 | Q9: =ROUND(P9/25,0) -> 3
A10: S1008 | B10: 23 | C10: Female | D10: 4.4 | E10: 2.2 | F10: 1.7 | G10: No | H10: 100 | I10: 7.1 | J10: Good | K10: 3 | L10: Bachelor | M10: Good | N10: 1 | O10: No | P10: 78.9 | Q10: =ROUND(P10/25,0) -> 3
A11: S1009 | B11: 18 | C11: Female | D11: 4.8 | E11: 3.1 | F11: 1.3 | G11: No | H11: 95.4 | I11: 7.5 | J11: Good | K11: 5 | L11: Bachelor | M11: Good | N11: 10 | O11: Yes | P11: 100 | Q11: =ROUND(P11/25,0) -> 4
A12: S1010 | B12: 19 | C12: Female | D12: 4.6 | E12: 3.7 | F12: 0.8 | G12: No | H12: 77.6 | I12: 5.8 | J12: Fair | K12: 1 | L12: None | M12: Good | N12: 3 | O12: No | P12: 63.3 | Q12: =ROUND(P12/25,0) -> 3
A13: S1011 | B13: 23 | C13: Male | D13: 3.9 | E13: 2.4 | F13: 2.5 | G13: No | H13: 71.7 | I13: 7.9 | J13: Fair | K13: 2 | L13: Bachelor | M13: Average | N13: 1 | O13: No | P13: 74.4 | Q13: =ROUND(P13/25,0) -> 3
... A1001: S1999 | B1001: 19 | C1001: Female | D1001: 4.3 | E1001: 2.9 | F1001: 1.9 | G1001: No | H1001: 89.4 | I1001: 7.1 | J1001: Good | K1001: 2 | L1001: Bachelor | M1001: Average | N1001: 8 | O1001: No | P1001: 74.9 | Q1001: =ROUND(P1001/25,0) -> 3

Sheet scaled (2)
A1: Student Name | B1: Gender | C1: Emis id | D1: Private_Tutoring | E1: Sleep_Hours | F1: Mobile_Usage_Hours | G1: Motivation_Level | H1: Stress_Level | I1: Study_Environment | J1: Parental_Education | K1: Family_Income_Level | L1: Peer_Influence | M1: Physical_Health_Rating | N1: Chronic_Illness | O1: Attendance_Percentage | P1: Risk_Level (TARGET)
A2: Asmita Thapa | B2: Female | C2: 2703100947805132 | D2: =student_habits_performance!O2 -> Yes | E2: =student_habits_performance!I2 -> 8 | F2: =student_habits_performance!E2 -> 1.2 | G2: 1 | H2: =ROUND(LOG(student_habits_performance!N2),0) -> 1 | I2: =student_habits_performance!J2 -> Fair | J2: =student_habits_performance!L2 -> Master | K2: =student_habits_performance!M2 -> Average | L2: =ROUND(student_habits_performance!F2,0) -> 1 | M2: =student_habits_performance!K2 -> 6 | N2: =student_habits_performance!G2 -> No | O2: =student_habits_performance!H2 -> 85 | P2: =student_habits_performance!Q2 -> 2
A3: Kamal K C | B3: Male | C3: 2703100947906290 | D3: =student_habits_performance!O3 -> No | E3: =student_habits_performance!I3 -> 4.6 | F3: =student_habits_performance!E3 -> 2.8 | G3: 2 | H3: =ROUND(LOG(student_habits_performance!N3),0) -> 1 | I3: =student_habits_performance!J3 -> Good | J3: =student_habits_performance!L3 -> High School | K3: =student_habits_performance!M3 -> Average | L3: =ROUND(student_habits_performance!F3,0) -> 2 | M3: =student_habits_performance!K3 -> 6 | N3: =student_habits_performance!G3 -> No | O3: =student_habits_performance!H3 -> 97.3 | P3: =student_habits_performance!Q3 -> 4
A4: Asmita Yesmali Magar | B4: Female | C4: 2703100947502860 | D4: =student_habits_performance!O4 -> No | E4: =student_habits_performance!I4 -> 8 | F4: =student_habits_performance!E4 -> 3.1 | G4: 3 | H4: =ROUND(LOG(student_habits_performance!N4),0) -> 0 | I4: =student_habits_performance!J4 -> Poor | J4: =student_habits_performance!L4 -> High School | K4: =student_habits_performance!M4 -> Poor | L4: =ROUND(student_habits_performance!F4,0) -> 1 | M4: =student_habits_performance!K4 -> 1 | N4: =student_habits_performance!G4 -> No | O4: =student_habits_performance!H4 -> 94.8 | P4: =student_habits_performance!Q4 -> 1
A5: Tushi Kr. Chaurasiya | B5: Male | C5: 2703100947906670 | D5: =student_habits_performance!O5 -> Yes | E5: =student_habits_performance!I5 -> 9.2 | F5: =student_habits_performance!E5 -> 3.9 | G5: 2 | H5: =ROUND(LOG(student_habits_performance!N5),0) -> 0 | I5: =student_habits_performance!J5 -> Poor | J5: =student_habits_performance!L5 -> Master | K5: =student_habits_performance!M5 -> Good | L5: =ROUND(student_habits_performance!F5,0) -> 1 | M5: =student_habits_performance!K5 -> 4 | N5: =student_habits_performance!G5 -> No | O5: =student_habits_performance!H5 -> 71 | P5: =student_habits_performance!Q5 -> 1
A6: Tulasi Kumari Khadga | B6: Female | C6: 2703100947805129 | D6: =student_habits_performance!O6 -> No | E6: =student_habits_performance!I6 -> 4.9 | F6: =student_habits_performance!E6 -> 4.4 | G6: 4 | H6: =ROUND(LOG(student_habits_performance!N6),0) -> 0 | I6: =student_habits_performance!J6 -> Fair | J6: =student_habits_performance!L6 -> Master | K6: =student_habits_performance!M6 -> Good | L6: =ROUND(student_habits_performance!F6,0) -> 1 | M6: =student_habits_performance!K6 -> 3 | N6: =student_habits_performance!G6 -> No | O6: =student_habits_performance!H6 -> 90.9 | P6: =student_habits_performance!Q6 -> 3
A7: Sushil Chandra Subedi | B7: Male | C7: 2703100947906057 | D7: =student_habits_performance!O7 -> No | E7: =student_habits_performance!I7 -> 7.4 | F7: =student_habits_performance!E7 -> 1.3 | G7: 0 | H7: =ROUND(LOG(student_habits_performance!N7),0) -> 1 | I7: =student_habits_performance!J7 -> Fair | J7: =student_habits_performance!L7 -> Master | K7: =student_habits_performance!M7 -> Average | L7: =ROUND(student_habits_performance!F7,0) -> 0 | M7: =student_habits_performance!K7 -> 1 | N7: =student_habits_performance!G7 -> No | O7: =student_habits_performance!H7 -> 82.9 | P7: =student_habits_performance!Q7 -> 4
A8: Suraj Kumar Yadav | B8: Male | C8: 2703100947805100 | D8: =student_habits_performance!O8 -> No | E8: =student_habits_performance!I8 -> 6.5 | F8: =student_habits_performance!E8 -> 1.5 | G8: 3 | H8: =ROUND(LOG(student_habits_performance!N8),0) -> 1 | I8: =student_habits_performance!J8 -> Good | J8: =student_habits_performance!L8 -> Master | K8: =student_habits_performance!M8 -> Poor | L8: =ROUND(student_habits_performance!F8,0) -> 1 | M8: =student_habits_performance!K8 -> 2 | N8: =student_habits_performance!G8 -> Yes | O8: =student_habits_performance!H8 -> 85.8 | P8: =student_habits_performance!Q8 -> 4
A9: Sima Bisunkhe | B9: Female | C9: 2703100947502857 | D9: =student_habits_performance!O9 -> No | E9: =student_habits_performance!I9 -> 4.6 | F9: =student_habits_performance!E9 -> 1 | G9: 4 | H9: =ROUND(LOG(student_habits_performance!N9),0) -> 1 | I9: =student_habits_performance!J9 -> Fair | J9: =student_habits_performance!L9 -> Bachelor | K9: =student_habits_performance!M9 -> Average | L9: =ROUND(student_habits_performance!F9,0) -> 2 | M9: =student_habits_performance!K9 -> 0 | N9: =student_habits_performance!G9 -> Yes | O9: =student_habits_performance!H9 -> 77.7 | P9: =student_habits_performance!Q9 -> 3
A10: Sudip Baniya | B10: Male | C10: 2703100948007108 | D10: =student_habits_performance!O10 -> No | E10: =student_habits_performance!I10 -> 7.1 | F10: =student_habits_performance!E10 -> 2.2 | G10: 2 | H10: =ROUND(LOG(student_habits_performance!N10),0) -> 0 | I10: =student_habits_performance!J10 -> Good | J10: =student_habits_performance!L10 -> Bachelor | K10: =student_habits_performance!M10 -> Good | L10: =ROUND(student_habits_performance!F10,0) -> 2 | M10: =student_habits_performance!K10 -> 3 | N10: =student_habits_performance!G10 -> No | O10: =student_habits_performance!H10 -> 100 | P10: =student_habits_performance!Q10 -> 3
A11: Sparsh Sah | B11: Male | C11: 2703100947906143 | D11: =student_habits_performance!O11 -> Yes | E11: =student_habits_performance!I11 -> 7.5 | F11: =student_habits_performance!E11 -> 3.1 | G11: 0 | H11: =ROUND(LOG(student_habits_performance!N11),0) -> 1 | I11: =student_habits_performance!J11 -> Good | J11: =student_habits_performance!L11 -> Bachelor | K11: =student_habits_performance!M11 -> Good | L11: =ROUND(student_habits_performance!F11,0) -> 1 | M11: =student_habits_performance!K11 -> 5 | N11: =student_habits_performance!G11 -> No | O11: =student_habits_performance!H11 -> 95.4 | P11: =student_habits_performance!Q11 -> 4
A12: Sitala Parajuli | B12: Female | C12: 2703100947502855 | D12: =student_habits_performance!O12 -> No | E12: =student_habits_performance!I12 -> 5.8 | F12: =student_habits_performance!E12 -> 3.7 | G12: 4 | H12: =ROUND(LOG(student_habits_performance!N12),0) -> 0 | I12: =student_habits_performance!J12 -> Fair | J12: =student_habits_performance!L12 -> None | K12: =student_habits_performance!M12 -> Good | L12: =ROUND(student_habits_performance!F12,0) -> 1 | M12: =student_habits_performance!K12 -> 1 | N12: =student_habits_performance!G12 -> No | O12: =student_habits_performance!H12 -> 77.6 | P12: =student_habits_performance!Q12 -> 3
A13: Siddhartha Khanal | B13: Male | C13: 2703100947906078 | D13: =student_habits_performance!O13 -> No | E13: =student_habits_performance!I13 -> 7.9 | F13: =student_habits_performance!E13 -> 2.4 | G13: 2 | H13: =ROUND(LOG(student_habits_performance!N13),0) -> 0 | I13: =student_habits_performance!J13 -> Fair | J13: =student_habits_performance!L13 -> Bachelor | K13: =student_habits_performance!M13 -> Average | L13: =ROUND(student_habits_performance!F13,0) -> 3 | M13: =student_habits_performance!K13 -> 2 | N13: =student_habits_performance!G13 -> No | O13: =student_habits_performance!H13 -> 71.7 | P13: =student_habits_performance!Q13 -> 3
... A1001: Tek Bahadur Bhujel | B1001: Male | C1001: 2703100948200289 | D1001: =student_habits_performance!O1001 -> No | E1001: =student_habits_performance!I1001 -> 7.1 | F1001: =student_habits_performance!E1001 -> 2.9 | G1001: 0 | H1001: =ROUND(LOG(student_habits_performance!N1001),0) -> 1 | I1001: =student_habits_performance!J1001 -> Good | J1001: =student_habits_performance!L1001 -> Bachelor | K1001: =student_habits_performance!M1001 -> Average | L1001: =ROUND(student_habits_performance!F1001,0) -> 2 | M1001: =student_habits_performance!K1001 -> 2 | N1001: =student_habits_performance!G1001 -> No | O1001: =student_habits_performance!H1001 -> 89.4 | P1001: =student_habits_performance!Q1001 -> 3

Sheet Sheet1
A1: Student Name | B1: Gender | C1: Emis id | D1: Private_Tutoring | E1: Sleep_Hours | F1: Mobile_Usage_Hours | G1: Motivation_Level | H1: Stress_Level | I1: Study_Environment | J1: Parental_Education | K1: Family_Income_Level | L1: Peer_Influence | M1: Physical_Health_Rating | N1: Chronic_Illness | O1: Attendance_Percentage | P1: Risk_Level (TARGET)
A2: Aashika Dhakal | B2: Female | C2: 2703100948006719 | D2: =student_habits_performance!O2 -> Yes | E2: =student_habits_performance!I2 -> 8 | F2: =student_habits_performance!E2 -> 1.2 | G2: =RANDBETWEEN(0,4) -> 3 | H2: =ROUND(LOG(student_habits_performance!N2),0) -> 1 | I2: =student_habits_performance!J2 -> Fair | J2: =student_habits_performance!L2 -> Master | K2: =student_habits_performance!M2 -> Average | L2: =ROUND(student_habits_performance!F2,0) -> 1 | M2: =student_habits_performance!K2 -> 6 | N2: =student_habits_performance!G2 -> No | O2: =student_habits_performance!H2 -> 85 | P2: =student_habits_performance!Q2 -> 2
A3: Rabi Krishna Baitha | B3: Male | C3: 2703100948006711 | D3: =student_habits_performance!O3 -> No | E3: =student_habits_performance!I3 -> 4.6 | F3: =student_habits_performance!E3 -> 2.8 | G3: =RANDBETWEEN(0,4) -> 3 | H3: =ROUND(LOG(student_habits_performance!N3),0) -> 1 | I3: =student_habits_performance!J3 -> Good | J3: =student_habits_performance!L3 -> High School | K3: =student_habits_performance!M3 -> Average | L3: =ROUND(student_habits_performance!F3,0) -> 2 | M3: =student_habits_performance!K3 -> 6 | N3: =student_habits_performance!G3 -> No | O3: =student_habits_performance!H3 -> 97.3 | P3: =student_habits_performance!Q3 -> 4
A4: Shivam Kumar Ram | B4: Male | C4: 2703100948006716 | D4: =student_habits_performance!O4 -> No | E4: =student_habits_performance!I4 -> 8 | F4: =student_habits_performance!E4 -> 3.1 | G4: =RANDBETWEEN(0,4) -> 4 | H4: =ROUND(LOG(student_habits_performance!N4),0) -> 0 | I4: =student_habits_performance!J4 -> Poor | J4: =student_habits_performance!L4 -> High School | K4: =student_habits_performance!M4 -> Poor | L4: =ROUND(student_habits_performance!F4,0) -> 1 | M4: =student_habits_performance!K4 -> 1 | N4: =student_habits_performance!G4 -> No | O4: =student_habits_performance!H4 -> 94.8 | P4: =student_habits_performance!Q4 -> 1
A5: Bhuwan Karki | B5: Male | C5: 2703100948006710 | D5: =student_habits_performance!O5 -> Yes | E5: =student_habits_performance!I5 -> 9.2 | F5: =student_habits_performance!E5 -> 3.9 | G5: =RANDBETWEEN(0,4) -> 1 | H5: =ROUND(LOG(student_habits_performance!N5),0) -> 0 | I5: =student_habits_performance!J5 -> Poor | J5: =student_habits_performance!L5 -> Master | K5: =student_habits_performance!M5 -> Good | L5: =ROUND(student_habits_performance!F5,0) -> 1 | M5: =student_habits_performance!K5 -> 4 | N5: =student_habits_performance!G5 -> No | O5: =student_habits_performance!H5 -> 71 | P5: =student_habits_performance!Q5 -> 1
A6: Khil Raj Sedhain | B6: Male | C6: 2703100948007300 | D6: =student_habits_performance!O6 -> No | E6: =student_habits_performance!I6 -> 4.9 | F6: =student_habits_performance!E6 -> 4.4 | G6: =RANDBETWEEN(0,4) -> 4 | H6: =ROUND(LOG(student_habits_performance!N6),0) -> 0 | I6: =student_habits_performance!J6 -> Fair | J6: =student_habits_performance!L6 -> Master | K6: =student_habits_performance!M6 -> Good | L6: =ROUND(student_habits_performance!F6,0) -> 1 | M6: =student_habits_performance!K6 -> 3 | N6: =student_habits_performance!G6 -> No | O6: =student_habits_performance!H6 -> 90.9 | P6: =student_habits_performance!Q6 -> 3
A7: Nisal Kumar Yadav | B7: Male | C7: 2703100948007299 | D7: =student_habits_performance!O7 -> No | E7: =student_habits_performance!I7 -> 7.4 | F7: =student_habits_performance!E7 -> 1.3 | G7: =RANDBETWEEN(0,4) -> 3 | H7: =ROUND(LOG(student_habits_performance!N7),0) -> 1 | I7: =student_habits_performance!J7 -> Fair | J7: =student_habits_performance!L7 -> Master | K7: =student_habits_performance!M7 -> Average | L7: =ROUND(student_habits_performance!F7,0) -> 0 | M7: =student_habits_performance!K7 -> 1 | N7: =student_habits_performance!G7 -> No | O7: =student_habits_performance!H7 -> 82.9 | P7: =student_habits_performance!Q7 -> 4
A8: Debit B.K. | B8: Male | C8: 2703100948100022 | D8: =student_habits_performance!O8 -> No | E8: =student_habits_performance!I8 -> 6.5 | F8: =student_habits_performance!E8 -> 1.5 | G8: =RANDBETWEEN(0,4) -> 3 | H8: =ROUND(LOG(student_habits_performance!N8),0) -> 1 | I8: =student_habits_performance!J8 -> Good | J8: =student_habits_performance!L8 -> Master | K8: =student_habits_performance!M8 -> Poor | L8: =ROUND(student_habits_performance!F8,0) -> 1 | M8: =student_habits_performance!K8 -> 2 | N8: =student_habits_performance!G8 -> Yes | O8: =student_habits_performance!H8 -> 85.8 | P8: =student_habits_performance!Q8 -> 4
A9: Binita Magar | B9: Female | C9: 2703100948006712 | D9: =student_habits_performance!O9 -> No | E9: =student_habits_performance!I9 -> 4.6 | F9: =student_habits_performance!E9 -> 1 | G9: =RANDBETWEEN(0,4) -> 1 | H9: =ROUND(LOG(student_habits_performance!N9),0) -> 1 | I9: =student_habits_performance!J9 -> Fair | J9: =student_habits_performance!L9 -> Bachelor | K9: =student_habits_performance!M9 -> Average | L9: =ROUND(student_habits_performance!F9,0) -> 2 | M9: =student_habits_performance!K9 -> 0 | N9: =student_habits_performance!G9 -> Yes | O9: =student_habits_performance!H9 -> 77.7 | P9: =student_habits_performance!Q9 -> 3
A10: Priyanka Kumari | B10: Female | C10: 2703100948006709 | D10: =student_habits_performance!O10 -> No | E10: =student_habits_performance!I10 -> 7.1 | F10: =student_habits_performance!E10 -> 2.2 | G10: =RANDBETWEEN(0,4) -> 1 | H10: =ROUND(LOG(student_habits_performance!N10),0) -> 0 | I10: =student_habits_performance!J10 -> Good | J10: =student_habits_performance!L10 -> Bachelor | K10: =student_habits_performance!M10 -> Good | L10: =ROUND(student_habits_performance!F10,0) -> 2 | M10: =student_habits_performance!K10 -> 3 | N10: =student_habits_performance!G10 -> No | O10: =student_habits_performance!H10 -> 100 | P10: =student_habits_performance!Q10 -> 3
A11: Krishtina Pokharel | B11: Female | C11: 2703100948006713 | D11: =student_habits_performance!O11 -> Yes | E11: =student_habits_performance!I11 -> 7.5 | F11: =student_habits_performance!E11 -> 3.1 | G11: =RANDBETWEEN(0,4) -> 2 | H11: =ROUND(LOG(student_habits_performance!N11),0) -> 1 | I11: =student_habits_performance!J11 -> Good | J11: =student_habits_performance!L11 -> Bachelor | K11: =student_habits_performance!M11 -> Good | L11: =ROUND(student_habits_performance!F11,0) -> 1 | M11: =student_habits_performance!K11 -> 5 | N11: =student_habits_performance!G11 -> No | O11: =student_habits_performance!H11 -> 95.4 | P11: =student_habits_performance!Q11 -> 4
A12: Raj Yadav | B12: Female | C12: 2703100947905693 | D12: =student_habits_performance!O12 -> No | E12: =student_habits_performance!I12 -> 5.8 | F12: =student_habits_performance!E12 -> 3.7 | G12: =RANDBETWEEN(0,4) -> 1 | H12: =ROUND(LOG(student_habits_performance!N12),0) -> 0 | I12: =student_habits_performance!J12 -> Fair | J12: =student_habits_performance!L12 -> None | K12: =student_habits_performance!M12 -> Good | L12: =ROUND(student_habits_performance!F12,0) -> 1 | M12: =student_habits_performance!K12 -> 1 | N12: =student_habits_performance!G12 -> No | O12: =student_habits_performance!H12 -> 77.6 | P12: =student_habits_performance!Q12 -> 3
A13: Anchit Kumar Baitha | B13: Male | C13: 2703100948006718 | D13: =student_habits_performance!O13 -> No | E13: =student_habits_performance!I13 -> 7.9 | F13: =student_habits_performance!E13 -> 2.4 | G13: =RANDBETWEEN(0,4) -> 3 | H13: =ROUND(LOG(student_habits_performance!N13),0) -> 0 | I13: =student_habits_performance!J13 -> Fair | J13: =student_habits_performance!L13 -> Bachelor | K13: =student_habits_performance!M13 -> Average | L13: =ROUND(student_habits_performance!F13,0) -> 3 | M13: =student_habits_performance!K13 -> 2 | N13: =student_habits_performance!G13 -> No | O13: =student_habits_performance!H13 -> 71.7 | P13: =student_habits_performance!Q13 -> 3
... A120: Sinjal Gupta | B120: Female | C120: 2703100948200095 | D120: =student_habits_performance!O120 -> Yes | E120: =student_habits_performance!I120 -> 6.9 | F120: =student_habits_performance!E120 -> 3.3 | G120: =RANDBETWEEN(0,4) -> 1 | H120: =ROUND(LOG(student_habits_performance!N120),0) -> 0 | I120: =student_habits_performance!J120 -> Poor | J120: =student_habits_performance!L120 -> Bachelor | K120: =student_habits_performance!M120 -> Good | L120: =ROUND(student_habits_performance!F120,0) -> 2 | M120: =student_habits_performance!K120 -> 3 | N120: =student_habits_performance!G120 -> No | O120: =student_habits_performance!H120 -> 72.8 | P120: =student_habits_performance!Q120 -> 2
A121: Soniya Bishwakarma | B121: #N/A | C121: 2703100948200071 | D121: =student_habits_performance!O121 -> No | E121: =student_habits_performance!I121 -> 8.3 | F121: =student_habits_performance!E121 -> 3.1 | G121: =RANDBETWEEN(0,4) -> 3 | H121: =ROUND(LOG(student_habits_performance!N121),0) -> 1 | I121: =student_habits_performance!J121 -> Fair | J121: =student_habits_performance!L121 -> High School | K121: =student_habits_performance!M121 -> Average | L121: =ROUND(student_habits_performance!F121,0) -> 2 | M121: =student_habits_performance!K121 -> 4 | N121: =student_habits_performance!G121 -> Yes | O121: =student_habits_performance!H121 -> 73.8 | P121: =student_habits_performance!Q121 -> 3
A122: Parash Sharki | B122: Male | C122: 2703100948200098 | D122: =student_habits_performance!O122 -> No | E122: =student_habits_performance!I122 -> 6.6 | F122: =student_habits_performance!E122 -> 0.4 | G122: =RANDBETWEEN(0,4) -> 2 | H122: =ROUND(LOG(student_habits_performance!N122),0) -> 1 | I122: =student_habits_performance!J122 -> Fair | J122: =student_habits_performance!L122 -> Bachelor | K122: =student_habits_performance!M122 -> Average | L122: =ROUND(student_habits_performance!F122,0) -> 1 | M122: =student_habits_performance!K122 -> 6 | N122: =student_habits_performance!G122 -> No | O122: =student_habits_performance!H122 -> 92.1 | P122: =student_habits_performance!Q122 -> 4
A123: Sulav Awasthi | B123: Male | C123: 2703100948200099 | D123: =student_habits_performance!O123 -> No | E123: =student_habits_performance!I123 -> 7.7 | F123: =student_habits_performance!E123 -> 1.7 | G123: =RANDBETWEEN(0,4) -> 0 | H123: =ROUND(LOG(student_habits_performance!N123),0) -> 0 | I123: =student_habits_performance!J123 -> Poor | J123: =student_habits_performance!L123 -> High School | K123: =student_habits_performance!M123 -> Good | L123: =ROUND(student_habits_performance!F123,0) -> 2 | M123: =student_habits_performance!K123 -> 0 | N123: =student_habits_performance!G123 -> No | O123: =student_habits_performance!H123 -> 85.2 | P123: =student_habits_performance!Q123 -> 2
A124: Karuna Khanal | B124: Female | C124: 2703100948200100 | D124: =student_habits_performance!O124 -> No | E124: =student_habits_performance!I124 -> 9.7 | F124: =student_habits_performance!E124 -> 3.9 | G124: =RANDBETWEEN(0,4) -> 0 | H124: =ROUND(LOG(student_habits_performance!N124),0) -> 0 | I124: =student_habits_performance!J124 -> Poor | J124: =student_habits_performance!L124 -> High School | K124: =student_habits_performance!M124 -> Good | L124: =ROUND(student_habits_performance!F124,0) -> 0 | M124: =student_habits_performance!K124 -> 3 | N124: =student_habits_performance!G124 -> No | O124: =student_habits_performance!H124 -> 83.6 | P124: =student_habits_performance!Q124 -> 3
A125: Ayush Raj Tiwari | B125: Male | C125: 2703100948200102 | D125: =student_habits_performance!O125 -> No | E125: =student_habits_performance!I125 -> 7.2 | F125: =student_habits_performance!E125 -> 1.3 | G125: =RANDBETWEEN(0,4) -> 3 | H125: =ROUND(LOG(student_habits_performance!N125),0) -> 1 | I125: =student_habits_performance!J125 -> Good | J125: =student_habits_performance!L125 -> Bachelor | K125: =student_habits_performance!M125 -> Average | L125: =ROUND(student_habits_performance!F125,0) -> 3 | M125: =student_habits_performance!K125 -> 1 | N125: =student_habits_performance!G125 -> No | O125: =student_habits_performance!H125 -> 80.8 | P125: =student_habits_performance!Q125 -> 3
A126: Sanaya Katharia | B126: Male | C126: 2703100948200103 | D126: =student_habits_performance!O126 -> No | E126: =student_habits_performance!I126 -> 6.6 | F126: =student_habits_performance!E126 -> 1.9 | G126: =RANDBETWEEN(0,4) -> 3 | H126: =ROUND(LOG(student_habits_performance!N126),0) -> 1 | I126: =student_habits_performance!J126 -> Fair | J126: =student_habits_performance!L126 -> Bachelor | K126: =student_habits_performance!M126 -> Average | L126: =ROUND(student_habits_performance!F126,0) -> 0 | M126: =student_habits_performance!K126 -> 2 | N126: =student_habits_performance!G126 -> No | O126: =student_habits_performance!H126 -> 81.9 | P126: =student_habits_performance!Q126 -> 2
A127: Prabesh Kumar Singh | B127: Male | C127: 1801000027700546 | D127: =student_habits_performance!O127 -> No | E127: =student_habits_performance!I127 -> 7.4 | F127: =student_habits_performance!E127 -> 3.1 | G127: =RANDBETWEEN(0,4) -> 4 | H127: =ROUND(LOG(student_habits_performance!N127),0) -> 0 | I127: =student_habits_performance!J127 -> Fair | J127: =student_habits_performance!L127 -> High School | K127: =student_habits_performance!M127 -> Average | L127: =ROUND(student_habits_performance!F127,0) -> 4 | M127: =student_habits_performance!K127 -> 0 | N127: =student_habits_performance!G127 -> No | O127: =student_habits_performance!H127 -> 95.5 | P127: =student_habits_performance!Q127 -> 2
A128: Alina Tamang | B128: Female | C128: 2700700028000451 | D128: =student_habits_performance!O128 -> No | E128: =student_habits_performance!I128 -> 6.1 | F128: =student_habits_performance!E128 -> 3.4 | G128: =RANDBETWEEN(0,4) -> 2 | H128: =ROUND(LOG(student_habits_performance!N128),0) -> 1 | I128: =student_habits_performance!J128 -> Poor | J128: =student_habits_performance!L128 -> High School | K128: =student_habits_performance!M128 -> Poor | L128: =ROUND(student_habits_performance!F128,0) -> 1 | M128: =student_habits_performance!K128 -> 1 | N128: =student_habits_performance!G128 -> Yes | O128: =student_habits_performance!H128 -> 81.6 | P128: =student_habits_performance!Q128 -> 2
A129: Kushum Magar | B129: Female | C129: 2703100948100216 | D129: =student_habits_performance!O129 -> No | E129: =student_habits_performance!I129 -> 9.4 | F129: =student_habits_performance!E129 -> 2.2 | G129: =RANDBETWEEN(0,4) -> 2 | H129: =ROUND(LOG(student_habits_performance!N129),0) -> 1 | I129: =student_habits_performance!J129 -> Good | J129: =student_habits_performance!L129 -> Bachelor | K129: =student_habits_performance!M129 -> Good | L129: =ROUND(student_habits_performance!F129,0) -> 2 | M129: =student_habits_performance!K129 -> 5 | N129: =student_habits_performance!G129 -> No | O129: =student_habits_performance!H129 -> 71.6 | P129: =student_habits_performance!Q129 -> 4
A130: Roshani Dash | B130: Female | C130: 2703100948200078 | D130: =student_habits_performance!O130 -> No | E130: =student_habits_performance!I130 -> 6.7 | F130: =student_habits_performance!E130 -> 1.8 | G130: =RANDBETWEEN(0,4) -> 1 | H130: =ROUND(LOG(student_habits_performance!N130),0) -> 0 | I130: =student_habits_performance!J130 -> Good | J130: =student_habits_performance!L130 -> High School | K130: =student_habits_performance!M130 -> Good | L130: =ROUND(student_habits_performance!F130,0) -> 1 | M130: =student_habits_performance!K130 -> 0 | N130: =student_habits_performance!G130 -> No | O130: =student_habits_performance!H130 -> 92.4 | P130: =student_habits_performance!Q130 -> 2
A131: Subarna Deuba | B131: Male | C131: 7200900508001720 | D131: =student_habits_performance!O131 -> Yes | E131: =student_habits_performance!I131 -> 6.2 | F131: =student_habits_performance!E131 -> 4.2 | G131: =RANDBETWEEN(0,4) -> 3 | H131: =ROUND(LOG(student_habits_performance!N131),0) -> 0 | I131: =student_habits_performance!J131 -> Good | J131: =student_habits_performance!L131 -> High School | K131: =student_habits_performance!M131 -> Average | L131: =ROUND(student_habits_performance!F131,0) -> 2 | M131: =student_habits_performance!K131 -> 1 | N131: =student_habits_performance!G131 -> No | O131: =student_habits_performance!H131 -> 83 | P131: =student_habits_performance!Q131 -> 1
A132: Bedana Basnet | B132: Male | C132: 2703100948200096 | D132: =student_habits_performance!O132 -> No | E132: =student_habits_performance!I132 -> 5.5 | F132: =student_habits_performance!E132 -> 4.6 | G132: =RANDBETWEEN(0,4) -> 1 | H132: =ROUND(LOG(student_habits_performance!N132),0) -> 1 | I132: =student_habits_performance!J132 -> Poor | J132: =student_habits_performance!L132 -> Bachelor | K132: =student_habits_performance!M132 -> Good | L132: =ROUND(student_habits_performance!F132,0) -> 3 | M132: =student_habits_performance!K132 -> 5 | N132: =student_habits_performance!G132 -> No | O132: =student_habits_performance!H132 -> 85.3 | P132: =student_habits_performance!Q132 -> 3
A133: Ajit Kumar Sah | B133: Male | C133: 2703100948006754 | D133: =student_habits_performance!O133 -> No | E133: =student_habits_performance!I133 -> 7.8 | F133: =student_habits_performance!E133 -> 3.7 | G133: =RANDBETWEEN(0,4) -> 4 | H133: =ROUND(LOG(student_habits_performance!N133),0) -> 1 | I133: =student_habits_performance!J133 -> Good | J133: =student_habits_performance!L133 -> High School | K133: =student_habits_performance!M133 -> Good | L133: =ROUND(student_habits_performance!F133,0) -> 0 | M133: =student_habits_performance!K133 -> 6 | N133: =student_habits_performance!G133 -> No | O133: =student_habits_performance!H133 -> 100 | P133: =student_habits_performance!Q133 -> 4
... A538: Gopal Chaudhary | B538: Male | C538: 2703100747900271 | D538: =student_habits_performance!O538 -> Yes | E538: =student_habits_performance!I538 -> 6.7 | F538: =student_habits_performance!E538 -> 3.8 | G538: =RANDBETWEEN(0,4) -> 0 | H538: =ROUND(LOG(student_habits_performance!N538),0) -> 1 | I538: =student_habits_performance!J538 -> Good | J538: =student_habits_performance!L538 -> Bachelor | K538: =student_habits_performance!M538 -> Good | L538: =ROUND(student_habits_performance!F538,0) -> 1 | M538: =student_habits_performance!K538 -> 1 | N538: =student_habits_performance!G538 -> No | O538: =student_habits_performance!H538 -> 81.3 | P538: =student_habits_performance!Q538 -> 2
A539: Sujal Khadka | B539: #N/A | C539: 2703100948200153 | D539: =student_habits_performance!O539 -> No | E539: =student_habits_performance!I539 -> 3.6 | F539: =student_habits_performance!E539 -> 0.9 | G539: =RANDBETWEEN(0,4) -> 1 | H539: =ROUND(LOG(student_habits_performance!N539),0) -> 1 | I539: =student_habits_performance!J539 -> Good | J539: =student_habits_performance!L539 -> Bachelor | K539: =student_habits_performance!M539 -> Average | L539: =ROUND(student_habits_performance!F539,0) -> 2 | M539: =student_habits_performance!K539 -> 5 | N539: =student_habits_performance!G539 -> Yes | O539: =student_habits_performance!H539 -> 80 | P539: =student_habits_performance!Q539 -> 2
A540: Anmol Tamang | B540: Male | C540: 2703100948200154 | D540: =student_habits_performance!O540 -> No | E540: =student_habits_performance!I540 -> 4.3 | F540: =student_habits_performance!E540 -> 3.2 | G540: =RANDBETWEEN(0,4) -> 1 | H540: =ROUND(LOG(student_habits_performance!N540),0) -> 1 | I540: =student_habits_performance!J540 -> Poor | J540: =student_habits_performance!L540 -> High School | K540: =student_habits_performance!M540 -> Poor | L540: =ROUND(student_habits_performance!F540,0) -> 3 | M540: =student_habits_performance!K540 -> 2 | N540: =student_habits_performance!G540 -> No | O540: =student_habits_performance!H540 -> 83.3 | P540: =student_habits_performance!Q540 -> 3
A541: Bishika Mudel | B541: Female | C541: 2703100948200156 | D541: =student_habits_performance!O541 -> Yes | E541: =student_habits_performance!I541 -> 7.2 | F541: =student_habits_performance!E541 -> 4.1 | G541: =RANDBETWEEN(0,4) -> 2 | H541: =ROUND(LOG(student_habits_performance!N541),0) -> 1 | I541: =student_habits_performance!J541 -> Good | J541: =student_habits_performance!L541 -> None | K541: =student_habits_performance!M541 -> Good | L541: =ROUND(student_habits_performance!F541,0) -> 2 | M541: =student_habits_performance!K541 -> 4 | N541: =student_habits_performance!G541 -> No | O541: =student_habits_performance!H541 -> 100 | P541: =student_habits_performance!Q541 -> 3
A542: Laukesh Baitha | B542: Male | C542: 2703100948200157 | D542: =student_habits_performance!O542 -> Yes | E542: =student_habits_performance!I542 -> 7.7 | F542: =student_habits_performance!E542 -> 3 | G542: =RANDBETWEEN(0,4) -> 4 | H542: =ROUND(LOG(student_habits_performance!N542),0) -> 1 | I542: =student_habits_performance!J542 -> Good | J542: =student_habits_performance!L542 -> Bachelor | K542: =student_habits_performance!M542 -> Average | L542: =ROUND(student_habits_performance!F542,0) -> 3 | M542: =student_habits_performance!K542 -> 3 | N542: =student_habits_performance!G542 -> No | O542: =student_habits_performance!H542 -> 83.2 | P542: =student_habits_performance!Q542 -> 3
A543: Sital Dahal | B543: Male | C543: 2703107767902574 | D543: =student_habits_performance!O543 -> No | E543: =student_habits_performance!I543 -> 5.4 | F543: =student_habits_performance!E543 -> 3.8 | G543: =RANDBETWEEN(0,4) -> 4 | H543: =ROUND(LOG(student_habits_performance!N543),0) -> 1 | I543: =student_habits_performance!J543 -> Good | J543: =student_habits_performance!L543 -> High School | K543: =student_habits_performance!M543 -> Good | L543: =ROUND(student_habits_performance!F543,0) -> 3 | M543: =student_habits_performance!K543 -> 2 | N543: =student_habits_performance!G543 -> Yes | O543: =student_habits_performance!H543 -> 84.8 | P543: =student_habits_performance!Q543 -> 3
A544: Aaditya Adhikari | B544: Male | C544: 2703100948200159 | D544: =student_habits_performance!O544 -> No | E544: =student_habits_performance!I544 -> 6.2 | F544: =student_habits_performance!E544 -> 4.9 | G544: =RANDBETWEEN(0,4) -> 3 | H544: =ROUND(LOG(student_habits_performance!N544),0) -> 1 | I544: =student_habits_performance!J544 -> Good | J544: =student_habits_performance!L544 -> Bachelor | K544: =student_habits_performance!M544 -> Poor | L544: =ROUND(student_habits_performance!F544,0) -> 1 | M544: =student_habits_performance!K544 -> 1 | N544: =student_habits_performance!G544 -> No | O544: =student_habits_performance!H544 -> 80.2 | P544: =student_habits_performance!Q544 -> 3
A545: Rajbir Kumar Haluwai | B545: Male | C545: 2703100948200166 | D545: =student_habits_performance!O545 -> No | E545: =student_habits_performance!I545 -> 6.9 | F545: =student_habits_performance!E545 -> 3.7 | G545: =RANDBETWEEN(0,4) -> 2 | H545: =ROUND(LOG(student_habits_performance!N545),0) -> 0 | I545: =student_habits_performance!J545 -> Good | J545: =student_habits_performance!L545 -> High School | K545: =student_habits_performance!M545 -> Poor | L545: =ROUND(student_habits_performance!F545,0) -> 1 | M545: =student_habits_performance!K545 -> 0 | N545: =student_habits_performance!G545 -> No | O545: =student_habits_performance!H545 -> 96 | P545: =student_habits_performance!Q545 -> 3
A546: Dinesh Thakur Lohar | B546: Male | C546: 2703100948200162 | D546: =student_habits_performance!O546 -> No | E546: =student_habits_performance!I546 -> 7.3 | F546: =student_habits_performance!E546 -> 2.8 | G546: =RANDBETWEEN(0,4) -> 1 | H546: =ROUND(LOG(student_habits_performance!N546),0) -> 1 | I546: =student_habits_performance!J546 -> Poor | J546: =student_habits_performance!L546 -> Bachelor | K546: =student_habits_performance!M546 -> Average | L546: =ROUND(student_habits_performance!F546,0) -> 2 | M546: =student_habits_performance!K546 -> 6 | N546: =student_habits_performance!G546 -> No | O546: =student_habits_performance!H546 -> 100 | P546: =student_habits_performance!Q546 -> 4
A547: Abhay Adhikari | B547: Male | C547: 1704801137901609 | D547: =student_habits_performance!O547 -> Yes | E547: =student_habits_performance!I547 -> 4.1 | F547: =student_habits_performance!E547 -> 3.8 | G547: =RANDBETWEEN(0,4) -> 1 | H547: =ROUND(LOG(student_habits_performance!N547),0) -> 1 | I547: =student_habits_performance!J547 -> Fair | J547: =student_habits_performance!L547 -> Master | K547: =student_habits_performance!M547 -> Average | L547: =ROUND(student_habits_performance!F547,0) -> 2 | M547: =student_habits_performance!K547 -> 5 | N547: =student_habits_performance!G547 -> No | O547: =student_habits_performance!H547 -> 89.5 | P547: =student_habits_performance!Q547 -> 2
A548: Sadiksha Neupane | B548: Female | C548: 2703100948200160 | D548: =student_habits_performance!O548 -> Yes | E548: =student_habits_performance!I548 -> 5.4 | F548: =student_habits_performance!E548 -> 2.7 | G548: =RANDBETWEEN(0,4) -> 1 | H548: =ROUND(LOG(student_habits_performance!N548),0) -> 0 | I548: =student_habits_performance!J548 -> Good | J548: =student_habits_performance!L548 -> Master | K548: =student_habits_performance!M548 -> Good | L548: =ROUND(student_habits_performance!F548,0) -> 1 | M548: =student_habits_performance!K548 -> 2 | N548: =student_habits_performance!G548 -> Yes | O548: =student_habits_performance!H548 -> 85.8 | P548: =student_habits_performance!Q548 -> 3
A549: Dwarika Prasad Yadav | B549: Female | C549: 2703100948200168 | D549: =student_habits_performance!O549 -> No | E549: =student_habits_performance!I549 -> 6.1 | F549: =student_habits_performance!E549 -> 2.5 | G549: =RANDBETWEEN(0,4) -> 2 | H549: =ROUND(LOG(student_habits_performance!N549),0) -> 1 | I549: =student_habits_performance!J549 -> Fair | J549: =student_habits_performance!L549 -> High School | K549: =student_habits_performance!M549 -> Good | L549: =ROUND(student_habits_performance!F549,0) -> 3 | M549: =student_habits_performance!K549 -> 6 | N549: =student_habits_performance!G549 -> No | O549: =student_habits_performance!H549 -> 85.4 | P549: =student_habits_performance!Q549 -> 4
A550: Amanat Safi | B550: Male | C550: 1704801508000065 | D550: =student_habits_performance!O550 -> No | E550: =student_habits_performance!I550 -> 7.3 | F550: =student_habits_performance!E550 -> 2.1 | G550: =RANDBETWEEN(0,4) -> 3 | H550: =ROUND(LOG(student_habits_performance!N550),0) -> 0 | I550: =student_habits_performance!J550 -> Poor | J550: =student_habits_performance!L550 -> High School | K550: =student_habits_performance!M550 -> Poor | L550: =ROUND(student_habits_performance!F550,0) -> 2 | M550: =student_habits_performance!K550 -> 6 | N550: =student_habits_performance!G550 -> No | O550: =student_habits_performance!H550 -> 61.2 | P550: =student_habits_performance!Q550 -> 3
A551: Ashok Kumar Kapar | B551: Male | C551: 2703100948200172 | D551: =student_habits_performance!O551 -> No | E551: =student_habits_performance!I551 -> 9.5 | F551: =student_habits_performance!E551 -> 4.4 | G551: =RANDBETWEEN(0,4) -> 4 | H551: =ROUND(LOG(student_habits_performance!N551),0) -> 1 | I551: =student_habits_performance!J551 -> Good | J551: =student_habits_performance!L551 -> Bachelor | K551: =student_habits_performance!M551 -> Average | L551: =ROUND(student_habits_performance!F551,0) -> 2 | M551: =student_habits_performance!K551 -> 4 | N551: =student_habits_performance!G551 -> No | O551: =student_habits_performance!H551 -> 92.5 | P551: =student_habits_performance!Q551 -> 2
... A609: Govinda Mahato | B609: Male | C609: 2703100948200196 | D609: =student_habits_performance!O609 -> Yes | E609: =student_habits_performance!I609 -> 6.3 | F609: =student_habits_performance!E609 -> 3 | G609: =RANDBETWEEN(0,4) -> 1 | H609: =ROUND(LOG(student_habits_performance!N609),0) -> 1 | I609: =student_habits_performance!J609 -> Poor | J609: =student_habits_performance!L609 -> Bachelor | K609: =student_habits_performance!M609 -> Average | L609: =ROUND(student_habits_performance!F609,0) -> 3 | M609: =student_habits_performance!K609 -> 3 | N609: =student_habits_performance!G609 -> No | O609: =student_habits_performance!H609 -> 83 | P609: =student_habits_performance!Q609 -> 2
A610: Sarthak Panthi | B610: #N/A | C610: 5000600088002386 | D610: =student_habits_performance!O610 -> Yes | E610: =student_habits_performance!I610 -> 6.6 | F610: =student_habits_performance!E610 -> 1.9 | G610: =RANDBETWEEN(0,4) -> 1 | H610: =ROUND(LOG(student_habits_performance!N610),0) -> 1 | I610: =student_habits_performance!J610 -> Fair | J610: =student_habits_performance!L610 -> Bachelor | K610: =student_habits_performance!M610 -> Good | L610: =ROUND(student_habits_performance!F610,0) -> 3 | M610: =student_habits_performance!K610 -> 2 | N610: =student_habits_performance!G610 -> No | O610: =student_habits_performance!H610 -> 81.3 | P610: =student_habits_performance!Q610 -> 2
A611: Meghraj Bohara | B611: Male | C611: 6701900017400413 | D611: =student_habits_performance!O611 -> No | E611: =student_habits_performance!I611 -> 6.1 | F611: =student_habits_performance!E611 -> 2.3 | G611: =RANDBETWEEN(0,4) -> 3 | H611: =ROUND(LOG(student_habits_performance!N611),0) -> 1 | I611: =student_habits_performance!J611 -> Poor | J611: =student_habits_performance!L611 -> High School | K611: =student_habits_performance!M611 -> Poor | L611: =ROUND(student_habits_performance!F611,0) -> 1 | M611: =student_habits_performance!K611 -> 5 | N611: =student_habits_performance!G611 -> No | O611: =student_habits_performance!H611 -> 68.3 | P611: =student_habits_performance!Q611 -> 3
A612: Yuna Khadka | B612: Female | C612: 2703100948200232 | D612: =student_habits_performance!O612 -> No | E612: =student_habits_performance!I612 -> 4.6 | F612: =student_habits_performance!E612 -> 2.3 | G612: =RANDBETWEEN(0,4) -> 0 | H612: =ROUND(LOG(student_habits_performance!N612),0) -> 0 | I612: =student_habits_performance!J612 -> Fair | J612: =student_habits_performance!L612 -> Master | K612: =student_habits_performance!M612 -> Good | L612: =ROUND(student_habits_performance!F612,0) -> 3 | M612: =student_habits_performance!K612 -> 2 | N612: =student_habits_performance!G612 -> No | O612: =student_habits_performance!H612 -> 100 | P612: =student_habits_performance!Q612 -> 3
A613: Dipesh Sunar | B613: Male | C613: 2703100947805048 | D613: =student_habits_performance!O613 -> No | E613: =student_habits_performance!I613 -> 5.5 | F613: =student_habits_performance!E613 -> 1.6 | G613: =RANDBETWEEN(0,4) -> 1 | H613: =ROUND(LOG(student_habits_performance!N613),0) -> 1 | I613: =student_habits_performance!J613 -> Fair | J613: =student_habits_performance!L613 -> High School | K613: =student_habits_performance!M613 -> Poor | L613: =ROUND(student_habits_performance!F613,0) -> 1 | M613: =student_habits_performance!K613 -> 6 | N613: =student_habits_performance!G613 -> No | O613: =student_habits_performance!H613 -> 89.7 | P613: =student_habits_performance!Q613 -> 4
A614: Sanjay Mudel | B614: Male | C614: 2703100948200233 | D614: =student_habits_performance!O614 -> No | E614: =student_habits_performance!I614 -> 7 | F614: =student_habits_performance!E614 -> 2.3 | G614: =RANDBETWEEN(0,4) -> 4 | H614: =ROUND(LOG(student_habits_performance!N614),0) -> 1 | I614: =student_habits_performance!J614 -> Fair | J614: =student_habits_performance!L614 -> Master | K614: =student_habits_performance!M614 -> Good | L614: =ROUND(student_habits_performance!F614,0) -> 1 | M614: =student_habits_performance!K614 -> 0 | N614: =student_habits_performance!G614 -> No | O614: =student_habits_performance!H614 -> 80.1 | P614: =student_habits_performance!Q614 -> 3
A615: Lila Shrestha | B615: Male | C615: 2703100948200234 | D615: =student_habits_performance!O615 -> No | E615: =student_habits_performance!I615 -> 7.2 | F615: =student_habits_performance!E615 -> 0.6 | G615: =RANDBETWEEN(0,4) -> 0 | H615: =ROUND(LOG(student_habits_performance!N615),0) -> 1 | I615: =student_habits_performance!J615 -> Fair | J615: =student_habits_performance!L615 -> Bachelor | K615: =student_habits_performance!M615 -> Average | L615: =ROUND(student_habits_performance!F615,0) -> 1 | M615: =student_habits_performance!K615 -> 3 | N615: =student_habits_performance!G615 -> No | O615: =student_habits_performance!H615 -> 98.3 | P615: =student_habits_performance!Q615 -> 3
A616: Milan Singh | B616: Male | C616: 2703100948200235 | D616: =student_habits_performance!O616 -> No | E616: =student_habits_performance!I616 -> 6.5 | F616: =student_habits_performance!E616 -> 1.9 | G616: =RANDBETWEEN(0,4) -> 3 | H616: =ROUND(LOG(student_habits_performance!N616),0) -> 0 | I616: =student_habits_performance!J616 -> Good | J616: =student_habits_performance!L616 -> High School | K616: =student_habits_performance!M616 -> Good | L616: =ROUND(student_habits_performance!F616,0) -> 0 | M616: =student_habits_performance!K616 -> 6 | N616: =student_habits_performance!G616 -> No | O616: =student_habits_performance!H616 -> 75.3 | P616: =student_habits_performance!Q616 -> 2
A617: Sagar Rai | B617: Male | C617: 2703100947704608 | D617: =student_habits_performance!O617 -> No | E617: =student_habits_performance!I617 -> 7.9 | F617: =student_habits_performance!E617 -> 2.2 | G617: =RANDBETWEEN(0,4) -> 3 | H617: =ROUND(LOG(student_habits_performance!N617),0) -> 0 | I617: =student_habits_performance!J617 -> Fair | J617: =student_habits_performance!L617 -> Bachelor | K617: =student_habits_performance!M617 -> Average | L617: =ROUND(student_habits_performance!F617,0) -> 2 | M617: =student_habits_performance!K617 -> 0 | N617: =student_habits_performance!G617 -> No | O617: =student_habits_performance!H617 -> 89.1 | P617: =student_habits_performance!Q617 -> 2
A618: Ahamad raja saphi | B618: Male | C618: 1705400048000013 | D618: =student_habits_performance!O618 -> No | E618: =student_habits_performance!I618 -> 7 | F618: =student_habits_performance!E618 -> 2.2 | G618: =RANDBETWEEN(0,4) -> 2 | H618: =ROUND(LOG(student_habits_performance!N618),0) -> 1 | I618: =student_habits_performance!J618 -> Fair | J618: =student_habits_performance!L618 -> Bachelor | K618: =student_habits_performance!M618 -> Good | L618: =ROUND(student_habits_performance!F618,0) -> 0 | M618: =student_habits_performance!K618 -> 1 | N618: =student_habits_performance!G618 -> No | O618: =student_habits_performance!H618 -> 83.3 | P618: =student_habits_performance!Q618 -> 3
A619: Meryanjel Tiwari | B619: Female | C619: 2703106748000475 | D619: =student_habits_performance!O619 -> No | E619: =student_habits_performance!I619 -> 5.6 | F619: =student_habits_performance!E619 -> 2.2 | G619: =RANDBETWEEN(0,4) -> 2 | H619: =ROUND(LOG(student_habits_performance!N619),0) -> 1 | I619: =student_habits_performance!J619 -> Fair | J619: =student_habits_performance!L619 -> High School | K619: =student_habits_performance!M619 -> Poor | L619: =ROUND(student_habits_performance!F619,0) -> 0 | M619: =student_habits_performance!K619 -> 5 | N619: =student_habits_performance!G619 -> No | O619: =student_habits_performance!H619 -> 91.4 | P619: =student_habits_performance!Q619 -> 3
A620: Neha Kumari | B620: Female | C620: 2703100948200217 | D620: =student_habits_performance!O620 -> Yes | E620: =student_habits_performance!I620 -> 6.2 | F620: =student_habits_performance!E620 -> 2.4 | G620: =RANDBETWEEN(0,4) -> 4 | H620: =ROUND(LOG(student_habits_performance!N620),0) -> 0 | I620: =student_habits_performance!J620 -> Good | J620: =student_habits_performance!L620 -> Bachelor | K620: =student_habits_performance!M620 -> Average | L620: =ROUND(student_habits_performance!F620,0) -> 0 | M620: =student_habits_performance!K620 -> 0 | N620: =student_habits_performance!G620 -> No | O620: =student_habits_performance!H620 -> 84.4 | P620: =student_habits_performance!Q620 -> 2
A621: Basu Waiba | B621: Male | C621: 2703100947704601 | D621: =student_habits_performance!O621 -> No | E621: =student_habits_performance!I621 -> 4.8 | F621: =student_habits_performance!E621 -> 3.1 | G621: =RANDBETWEEN(0,4) -> 4 | H621: =ROUND(LOG(student_habits_performance!N621),0) -> 1 | I621: =student_habits_performance!J621 -> Good | J621: =student_habits_performance!L621 -> High School | K621: =student_habits_performance!M621 -> Good | L621: =ROUND(student_habits_performance!F621,0) -> 2 | M621: =student_habits_performance!K621 -> 1 | N621: =student_habits_performance!G621 -> No | O621: =student_habits_performance!H621 -> 70.5 | P621: =student_habits_performance!Q621 -> 2
A622: Sudip Basnet | B622: Male | C622: 2703100948200143 | D622: =student_habits_performance!O622 -> No | E622: =student_habits_performance!I622 -> 6.4 | F622: =student_habits_performance!E622 -> 3.5 | G622: =RANDBETWEEN(0,4) -> 0 | H622: =ROUND(LOG(student_habits_performance!N622),0) -> 0 | I622: =student_habits_performance!J622 -> Fair | J622: =student_habits_performance!L622 -> None | K622: =student_habits_performance!M622 -> Average | L622: =ROUND(student_habits_performance!F622,0) -> 2 | M622: =student_habits_performance!K622 -> 2 | N622: =student_habits_performance!G622 -> No | O622: =student_habits_performance!H622 -> 85.8 | P622: =student_habits_performance!Q622 -> 2
... A753: Srishma Maharjan | B753: Female | C753: 2703100948100153 | D753: =student_habits_performance!O753 -> No | E753: =student_habits_performance!I753 -> 5.4 | F753: =student_habits_performance!E753 -> 2.9 | G753: =RANDBETWEEN(0,4) -> 0 | H753: =ROUND(LOG(student_habits_performance!N753),0) -> 1 | I753: =student_habits_performance!J753 -> Fair | J753: =student_habits_performance!L753 -> High School | K753: =student_habits_performance!M753 -> Average | L753: =ROUND(student_habits_performance!F753,0) -> 2 | M753: =student_habits_performance!K753 -> 0 | N753: =student_habits_performance!G753 -> No | O753: =student_habits_performance!H753 -> 80 | P753: =student_habits_performance!Q753 -> 4
A754: Yousang Moktan | B754: #N/A | C754: 2703100947805029 | D754: =student_habits_performance!O754 -> Yes | E754: =student_habits_performance!I754 -> 4.4 | F754: =student_habits_performance!E754 -> 1.6 | G754: =RANDBETWEEN(0,4) -> 4 | H754: =ROUND(LOG(student_habits_performance!N754),0) -> 1 | I754: =student_habits_performance!J754 -> Good | J754: =student_habits_performance!L754 -> High School | K754: =student_habits_performance!M754 -> Good | L754: =ROUND(student_habits_performance!F754,0) -> 3 | M754: =student_habits_performance!K754 -> 3 | N754: =student_habits_performance!G754 -> Yes | O754: =student_habits_performance!H754 -> 72.3 | P754: =student_habits_performance!Q754 -> 3
A755: Bikram Nepali | B755: Male | C755: 2703100947905796 | D755: =student_habits_performance!O755 -> No | E755: =student_habits_performance!I755 -> 5.7 | F755: =student_habits_performance!E755 -> 3.4 | G755: =RANDBETWEEN(0,4) -> 1 | H755: =ROUND(LOG(student_habits_performance!N755),0) -> 0 | I755: =student_habits_performance!J755 -> Fair | J755: =student_habits_performance!L755 -> Master | K755: =student_habits_performance!M755 -> Good | L755: =ROUND(student_habits_performance!F755,0) -> 1 | M755: =student_habits_performance!K755 -> 1 | N755: =student_habits_performance!G755 -> No | O755: =student_habits_performance!H755 -> 83.3 | P755: =student_habits_performance!Q755 -> 2
A756: Dil Kumar Bhujel | B756: Male | C756: 2703100947603777 | D756: =student_habits_performance!O756 -> No | E756: =student_habits_performance!I756 -> 7.1 | F756: =student_habits_performance!E756 -> 3.3 | G756: =RANDBETWEEN(0,4) -> 4 | H756: =ROUND(LOG(student_habits_performance!N756),0) -> 1 | I756: =student_habits_performance!J756 -> Good | J756: =student_habits_performance!L756 -> Bachelor | K756: =student_habits_performance!M756 -> Poor | L756: =ROUND(student_habits_performance!F756,0) -> 0 | M756: =student_habits_performance!K756 -> 4 | N756: =student_habits_performance!G756 -> No | O756: =student_habits_performance!H756 -> 85.7 | P756: =student_habits_performance!Q756 -> 2
A757: Raju Upreti | B757: Male | C757: 2703100947402025 | D757: =student_habits_performance!O757 -> No | E757: =student_habits_performance!I757 -> 5.7 | F757: =student_habits_performance!E757 -> 4.7 | G757: =RANDBETWEEN(0,4) -> 4 | H757: =ROUND(LOG(student_habits_performance!N757),0) -> 1 | I757: =student_habits_performance!J757 -> Poor | J757: =student_habits_performance!L757 -> Master | K757: =student_habits_performance!M757 -> Good | L757: =ROUND(student_habits_performance!F757,0) -> 2 | M757: =student_habits_performance!K757 -> 2 | N757: =student_habits_performance!G757 -> Yes | O757: =student_habits_performance!H757 -> 67.5 | P757: =student_habits_performance!Q757 -> 2
A758: Subhash Mahara | B758: #N/A | C758: 7501000067600227 | D758: =student_habits_performance!O758 -> No | E758: =student_habits_performance!I758 -> 6.2 | F758: =student_habits_performance!E758 -> 2.3 | G758: =RANDBETWEEN(0,4) -> 3 | H758: =ROUND(LOG(student_habits_performance!N758),0) -> 1 | I758: =student_habits_performance!J758 -> Good | J758: =student_habits_performance!L758 -> Bachelor | K758: =student_habits_performance!M758 -> Good | L758: =ROUND(student_habits_performance!F758,0) -> 2 | M758: =student_habits_performance!K758 -> 4 | N758: =student_habits_performance!G758 -> No | O758: =student_habits_performance!H758 -> 88.3 | P758: =student_habits_performance!Q758 -> 2
A759: Utkrishta Bhandari | B759: Female | C759: 2703100947905788 | D759: =student_habits_performance!O759 -> Yes | E759: =student_habits_performance!I759 -> 7.1 | F759: =student_habits_performance!E759 -> 3.3 | G759: =RANDBETWEEN(0,4) -> 4 | H759: =ROUND(LOG(student_habits_performance!N759),0) -> 0 | I759: =student_habits_performance!J759 -> Fair | J759: =student_habits_performance!L759 -> Master | K759: =student_habits_performance!M759 -> Good | L759: =ROUND(student_habits_performance!F759,0) -> 2 | M759: =student_habits_performance!K759 -> 0 | N759: =student_habits_performance!G759 -> No | O759: =student_habits_performance!H759 -> 74.5 | P759: =student_habits_performance!Q759 -> 2
A760: Kabita Mahat | B760: Female | C760: 2703100747900276 | D760: =student_habits_performance!O760 -> Yes | E760: =student_habits_performance!I760 -> 7.1 | F760: =student_habits_performance!E760 -> 2.6 | G760: =RANDBETWEEN(0,4) -> 4 | H760: =ROUND(LOG(student_habits_performance!N760),0) -> 1 | I760: =student_habits_performance!J760 -> Fair | J760: =student_habits_performance!L760 -> High School | K760: =student_habits_performance!M760 -> Good | L760: =ROUND(student_habits_performance!F760,0) -> 3 | M760: =student_habits_performance!K760 -> 1 | N760: =student_habits_performance!G760 -> No | O760: =student_habits_performance!H760 -> 100 | P760: =student_habits_performance!Q760 -> 3
A761: Krishna Nepali | B761: Male | C761: 2703100948006858 | D761: =student_habits_performance!O761 -> Yes | E761: =student_habits_performance!I761 -> 5.2 | F761: =student_habits_performance!E761 -> 4.1 | G761: =RANDBETWEEN(0,4) -> 0 | H761: =ROUND(LOG(student_habits_performance!N761),0) -> 1 | I761: =student_habits_performance!J761 -> Fair | J761: =student_habits_performance!L761 -> Bachelor | K761: =student_habits_performance!M761 -> Average | L761: =ROUND(student_habits_performance!F761,0) -> 2 | M761: =student_habits_performance!K761 -> 1 | N761: =student_habits_performance!G761 -> Yes | O761: =student_habits_performance!H761 -> 90.2 | P761: =student_habits_performance!Q761 -> 2
A762: Shreejana Tamang | B762: Female | C762: 2703100948100158 | D762: =student_habits_performance!O762 -> Yes | E762: =student_habits_performance!I762 -> 7.7 | F762: =student_habits_performance!E762 -> 1.6 | G762: =RANDBETWEEN(0,4) -> 4 | H762: =ROUND(LOG(student_habits_performance!N762),0) -> 0 | I762: =student_habits_performance!J762 -> Good | J762: =student_habits_performance!L762 -> None | K762: =student_habits_performance!M762 -> Average | L762: =ROUND(student_habits_performance!F762,0) -> 4 | M762: =student_habits_performance!K762 -> 4 | N762: =student_habits_performance!G762 -> Yes | O762: =student_habits_performance!H762 -> 81 | P762: =student_habits_performance!Q762 -> 1
A763: Smita Tamang | B763: Female | C763: 2703100948006855 | D763: =student_habits_performance!O763 -> Yes | E763: =student_habits_performance!I763 -> 7.9 | F763: =student_habits_performance!E763 -> 3.4 | G763: =RANDBETWEEN(0,4) -> 4 | H763: =ROUND(LOG(student_habits_performance!N763),0) -> 0 | I763: =student_habits_performance!J763 -> Good | J763: =student_habits_performance!L763 -> Bachelor | K763: =student_habits_performance!M763 -> Good | L763: =ROUND(student_habits_performance!F763,0) -> 2 | M763: =student_habits_performance!K763 -> 0 | N763: =student_habits_performance!G763 -> No | O763: =student_habits_performance!H763 -> 77.5 | P763: =student_habits_performance!Q763 -> 3
A764: Ushmita Bishanke | B764: Female | C764: 2703100948006862 | D764: =student_habits_performance!O764 -> No | E764: =student_habits_performance!I764 -> 5.1 | F764: =student_habits_performance!E764 -> 2.3 | G764: =RANDBETWEEN(0,4) -> 3 | H764: =ROUND(LOG(student_habits_performance!N764),0) -> 1 | I764: =student_habits_performance!J764 -> Fair | J764: =student_habits_performance!L764 -> High School | K764: =student_habits_performance!M764 -> Poor | L764: =ROUND(student_habits_performance!F764,0) -> 1 | M764: =student_habits_performance!K764 -> 4 | N764: =student_habits_performance!G764 -> No | O764: =student_habits_performance!H764 -> 84 | P764: =student_habits_performance!Q764 -> 2
A765: Roshika Majhi | B765: Female | C765: 2703100948006865 | D765: =student_habits_performance!O765 -> Yes | E765: =student_habits_performance!I765 -> 5.5 | F765: =student_habits_performance!E765 -> 2.4 | G765: =RANDBETWEEN(0,4) -> 3 | H765: =ROUND(LOG(student_habits_performance!N765),0) -> 0 | I765: =student_habits_performance!J765 -> Good | J765: =student_habits_performance!L765 -> High School | K765: =student_habits_performance!M765 -> Poor | L765: =ROUND(student_habits_performance!F765,0) -> 0 | M765: =student_habits_performance!K765 -> 3 | N765: =student_habits_performance!G765 -> Yes | O765: =student_habits_performance!H765 -> 91.1 | P765: =student_habits_performance!Q765 -> 2
A766: Dibash Khatri | B766: Male | C766: 0901300037500159 | D766: =student_habits_performance!O766 -> No | E766: =student_habits_performance!I766 -> 7.9 | F766: =student_habits_performance!E766 -> 2.6 | G766: =RANDBETWEEN(0,4) -> 1 | H766: =ROUND(LOG(student_habits_performance!N766),0) -> 0 | I766: =student_habits_performance!J766 -> Fair | J766: =student_habits_performance!L766 -> Master | K766: =student_habits_performance!M766 -> Poor | L766: =ROUND(student_habits_performance!F766,0) -> 2 | M766: =student_habits_performance!K766 -> 1 | N766: =student_habits_performance!G766 -> No | O766: =student_habits_performance!H766 -> 84.7 | P766: =student_habits_performance!Q766 -> 4
A767: Shreeti Karn | B767: Female | C767: 1803400158001587 | D767: =student_habits_performance!O767 -> No | E767: =student_habits_performance!I767 -> 6.3 | F767: =student_habits_performance!E767 -> 2.8 | G767: =RANDBETWEEN(0,4) -> 0 | H767: =ROUND(LOG(student_habits_performance!N767),0) -> 0 | I767: =student_habits_performance!J767 -> Poor | J767: =student_habits_performance!L767 -> Master | K767: =student_habits_performance!M767 -> Average | L767: =ROUND(student_habits_performance!F767,0) -> 1 | M767: =student_habits_performance!K767 -> 1 | N767: =student_habits_performance!G767 -> Yes | O767: =student_habits_performance!H767 -> 82.8 | P767: =student_habits_performance!Q767 -> 2
A768: Jiban Rawal | B768: Male | C768: 2703100947906052 | D768: =student_habits_performance!O768 -> No | E768: =student_habits_performance!I768 -> 3.8 | F768: =student_habits_performance!E768 -> 2.4 | G768: =RANDBETWEEN(0,4) -> 2 | H768: =ROUND(LOG(student_habits_performance!N768),0) -> 1 | I768: =student_habits_performance!J768 -> Poor | J768: =student_habits_performance!L768 -> None | K768: =student_habits_performance!M768 -> Average | L768: =ROUND(student_habits_performance!F768,0) -> 3 | M768: =student_habits_performance!K768 -> 3 | N768: =student_habits_performance!G768 -> No | O768: =student_habits_performance!H768 -> 85.6 | P768: =student_habits_performance!Q768 -> 1
A769: Joseph Shrestha | B769: Male | C769: 2703100947905781 | D769: =student_habits_performance!O769 -> No | E769: =student_habits_performance!I769 -> 4.8 | F769: =student_habits_performance!E769 -> 2.8 | G769: =RANDBETWEEN(0,4) -> 1 | H769: =ROUND(LOG(student_habits_performance!N769),0) -> 1 | I769: =student_habits_performance!J769 -> Poor | J769: =student_habits_performance!L769 -> Bachelor | K769: =student_habits_performance!M769 -> Average | L769: =ROUND(student_habits_performance!F769,0) -> 2 | M769: =student_habits_performance!K769 -> 0 | N769: =student_habits_performance!G769 -> No | O769: =student_habits_performance!H769 -> 79 | P769: =student_habits_performance!Q769 -> 3
A770: Reshma Rokka | B770: Female | C770: 2703100947704607 | D770: =student_habits_performance!O770 -> No | E770: =student_habits_performance!I770 -> 6.2 | F770: =student_habits_performance!E770 -> 4.4 | G770: =RANDBETWEEN(0,4) -> 3 | H770: =ROUND(LOG(student_habits_performance!N770),0) -> 1 | I770: =student_habits_performance!J770 -> Fair | J770: =student_habits_performance!L770 -> High School | K770: =student_habits_performance!M770 -> Poor | L770: =ROUND(student_habits_performance!F770,0) -> 1 | M770: =student_habits_performance!K770 -> 1 | N770: =student_habits_performance!G770 -> No | O770: =student_habits_performance!H770 -> 81.6 | P770: =student_habits_performance!Q770 -> 3
... A888: SAMRIDDHI LAMICHANE | B888: Female | C888: 5604000678004262 | D888: =student_habits_performance!O888 -> Yes | E888: =student_habits_performance!I888 -> 5.5 | F888: =student_habits_performance!E888 -> 3.9 | G888: =RANDBETWEEN(0,4) -> 3 | H888: =ROUND(LOG(student_habits_performance!N888),0) -> 0 | I888: =student_habits_performance!J888 -> Fair | J888: =student_habits_performance!L888 -> High School | K888: =student_habits_performance!M888 -> Good | L888: =ROUND(student_habits_performance!F888,0) -> 3 | M888: =student_habits_performance!K888 -> 4 | N888: =student_habits_performance!G888 -> No | O888: =student_habits_performance!H888 -> 73.9 | P888: =student_habits_performance!Q888 -> 3
A889: Santoshi Khatri | B889: #N/A | C889: 2703100948200273 | D889: =student_habits_performance!O889 -> No | E889: =student_habits_performance!I889 -> 7.2 | F889: =student_habits_performance!E889 -> 2.1 | G889: =RANDBETWEEN(0,4) -> 4 | H889: =ROUND(LOG(student_habits_performance!N889),0) -> 1 | I889: =student_habits_performance!J889 -> Good | J889: =student_habits_performance!L889 -> None | K889: =student_habits_performance!M889 -> Poor | L889: =ROUND(student_habits_performance!F889,0) -> 5 | M889: =student_habits_performance!K889 -> 5 | N889: =student_habits_performance!G889 -> No | O889: =student_habits_performance!H889 -> 97 | P889: =student_habits_performance!Q889 -> 3
A890: Sapna Kumari Yadav | B890: Female | C890: 2703100948200261 | D890: =student_habits_performance!O890 -> Yes | E890: =student_habits_performance!I890 -> 7.4 | F890: =student_habits_performance!E890 -> 3 | G890: =RANDBETWEEN(0,4) -> 1 | H890: =ROUND(LOG(student_habits_performance!N890),0) -> 1 | I890: =student_habits_performance!J890 -> Fair | J890: =student_habits_performance!L890 -> Bachelor | K890: =student_habits_performance!M890 -> Good | L890: =ROUND(student_habits_performance!F890,0) -> 2 | M890: =student_habits_performance!K890 -> 4 | N890: =student_habits_performance!G890 -> Yes | O890: =student_habits_performance!H890 -> 79 | P890: =student_habits_performance!Q890 -> 3
A891: Sarita Kumari jaiswal | B891: Female | C891: 2703100948100217 | D891: =student_habits_performance!O891 -> No | E891: =student_habits_performance!I891 -> 5.8 | F891: =student_habits_performance!E891 -> 3.9 | G891: =RANDBETWEEN(0,4) -> 0 | H891: =ROUND(LOG(student_habits_performance!N891),0) -> 1 | I891: =student_habits_performance!J891 -> Fair | J891: =student_habits_performance!L891 -> High School | K891: =student_habits_performance!M891 -> Good | L891: =ROUND(student_habits_performance!F891,0) -> 2 | M891: =student_habits_performance!K891 -> 0 | N891: =student_habits_performance!G891 -> Yes | O891: =student_habits_performance!H891 -> 68.3 | P891: =student_habits_performance!Q891 -> 3
A892: Sushani Khadka | B892: Female | C892: 2703100948200247 | D892: =student_habits_performance!O892 -> No | E892: =student_habits_performance!I892 -> 4.7 | F892: =student_habits_performance!E892 -> 0.9 | G892: =RANDBETWEEN(0,4) -> 1 | H892: =ROUND(LOG(student_habits_performance!N892),0) -> 0 | I892: =student_habits_performance!J892 -> Fair | J892: =student_habits_performance!L892 -> High School | K892: =student_habits_performance!M892 -> Average | L892: =ROUND(student_habits_performance!F892,0) -> 1 | M892: =student_habits_performance!K892 -> 5 | N892: =student_habits_performance!G892 -> Yes | O892: =student_habits_performance!H892 -> 83.9 | P892: =student_habits_performance!Q892 -> 3
A893: Yogesh Bhandari | B893: Male | C893: 2703100948200292 | D893: =student_habits_performance!O893 -> Yes | E893: =student_habits_performance!I893 -> 6.5 | F893: =student_habits_performance!E893 -> 1.6 | G893: =RANDBETWEEN(0,4) -> 2 | H893: =ROUND(LOG(student_habits_performance!N893),0) -> 1 | I893: =student_habits_performance!J893 -> Good | J893: =student_habits_performance!L893 -> High School | K893: =student_habits_performance!M893 -> Average | L893: =ROUND(student_habits_performance!F893,0) -> 2 | M893: =student_habits_performance!K893 -> 5 | N893: =student_habits_performance!G893 -> Yes | O893: =student_habits_performance!H893 -> 85.3 | P893: =student_habits_performance!Q893 -> 3
A894: chandani kumari mandal | B894: Female | C894: 1904700018000905 | D894: =student_habits_performance!O894 -> No | E894: =student_habits_performance!I894 -> 6.3 | F894: =student_habits_performance!E894 -> 2.2 | G894: =RANDBETWEEN(0,4) -> 2 | H894: =ROUND(LOG(student_habits_performance!N894),0) -> 0 | I894: =student_habits_performance!J894 -> Fair | J894: =student_habits_performance!L894 -> High School | K894: =student_habits_performance!M894 -> Good | L894: =ROUND(student_habits_performance!F894,0) -> 2 | M894: =student_habits_performance!K894 -> 0 | N894: =student_habits_performance!G894 -> No | O894: =student_habits_performance!H894 -> 86.6 | P894: =student_habits_performance!Q894 -> 2
A895: Prabin Kumar Sah | B895: Male | C895: 2703100947805052 | D895: =student_habits_performance!O895 -> No | E895: =student_habits_performance!I895 -> 6 | F895: =student_habits_performance!E895 -> 1.6 | G895: =RANDBETWEEN(0,4) -> 4 | H895: =ROUND(LOG(student_habits_performance!N895),0) -> 0 | I895: =student_habits_performance!J895 -> Good | J895: =student_habits_performance!L895 -> Bachelor | K895: =student_habits_performance!M895 -> Good | L895: =ROUND(student_habits_performance!F895,0) -> 2 | M895: =student_habits_performance!K895 -> 5 | N895: =student_habits_performance!G895 -> No | O895: =student_habits_performance!H895 -> 98.6 | P895: =student_habits_performance!Q895 -> 3
A896: Aakriti Kumari Sharma | B896: Female | C896: 2703100948100178 | D896: =student_habits_performance!O896 -> Yes | E896: =student_habits_performance!I896 -> 7 | F896: =student_habits_performance!E896 -> 4.6 | G896: =RANDBETWEEN(0,4) -> 1 | H896: =ROUND(LOG(student_habits_performance!N896),0) -> 1 | I896: =student_habits_performance!J896 -> Good | J896: =student_habits_performance!L896 -> Bachelor | K896: =student_habits_performance!M896 -> Good | L896: =ROUND(student_habits_performance!F896,0) -> 1 | M896: =student_habits_performance!K896 -> 1 | N896: =student_habits_performance!G896 -> Yes | O896: =student_habits_performance!H896 -> 82.6 | P896: =student_habits_performance!Q896 -> 2
A897: Dipika Pandey | B897: Female | C897: 2703100948100167 | D897: =student_habits_performance!O897 -> No | E897: =student_habits_performance!I897 -> 5.6 | F897: =student_habits_performance!E897 -> 1.5 | G897: =RANDBETWEEN(0,4) -> 3 | H897: =ROUND(LOG(student_habits_performance!N897),0) -> 1 | I897: =student_habits_performance!J897 -> Fair | J897: =student_habits_performance!L897 -> Bachelor | K897: =student_habits_performance!M897 -> Average | L897: =ROUND(student_habits_performance!F897,0) -> 2 | M897: =student_habits_performance!K897 -> 3 | N897: =student_habits_performance!G897 -> No | O897: =student_habits_performance!H897 -> 83.8 | P897: =student_habits_performance!Q897 -> 2
A898: Bhawesh Kumar Singh | B898: Male | C898: 2703100948006907 | D898: =student_habits_performance!O898 -> No | E898: =student_habits_performance!I898 -> 5.1 | F898: =student_habits_performance!E898 -> 1.8 | G898: =RANDBETWEEN(0,4) -> 1 | H898: =ROUND(LOG(student_habits_performance!N898),0) -> 1 | I898: =student_habits_performance!J898 -> Good | J898: =student_habits_performance!L898 -> High School | K898: =student_habits_performance!M898 -> Average | L898: =ROUND(student_habits_performance!F898,0) -> 3 | M898: =student_habits_performance!K898 -> 6 | N898: =student_habits_performance!G898 -> Yes | O898: =student_habits_performance!H898 -> 74 | P898: =student_habits_performance!Q898 -> 2
A899: Prasiddha Jung Khadka | B899: Male | C899: 2703104737801605 | D899: =student_habits_performance!O899 -> Yes | E899: =student_habits_performance!I899 -> 6.6 | F899: =student_habits_performance!E899 -> 2.7 | G899: =RANDBETWEEN(0,4) -> 4 | H899: =ROUND(LOG(student_habits_performance!N899),0) -> 0 | I899: =student_habits_performance!J899 -> Good | J899: =student_habits_performance!L899 -> High School | K899: =student_habits_performance!M899 -> Good | L899: =ROUND(student_habits_performance!F899,0) -> 2 | M899: =student_habits_performance!K899 -> 1 | N899: =student_habits_performance!G899 -> No | O899: =student_habits_performance!H899 -> 93.2 | P899: =student_habits_performance!Q899 -> 3
A900: Soni Prabin | B900: Female | C900: 2703100947905631 | D900: =student_habits_performance!O900 -> No | E900: =student_habits_performance!I900 -> 7 | F900: =student_habits_performance!E900 -> 1.1 | G900: =RANDBETWEEN(0,4) -> 4 | H900: =ROUND(LOG(student_habits_performance!N900),0) -> 1 | I900: =student_habits_performance!J900 -> Fair | J900: =student_habits_performance!L900 -> Master | K900: =student_habits_performance!M900 -> Average | L900: =ROUND(student_habits_performance!F900,0) -> 3 | M900: =student_habits_performance!K900 -> 1 | N900: =student_habits_performance!G900 -> No | O900: =student_habits_performance!H900 -> 86.8 | P900: =student_habits_performance!Q900 -> 3
A901: Subodh Bharati | B901: Male | C901: 0500200017400433 | D901: =student_habits_performance!O901 -> No | E901: =student_habits_performance!I901 -> 5.1 | F901: =student_habits_performance!E901 -> 2 | G901: =RANDBETWEEN(0,4) -> 0 | H901: =ROUND(LOG(student_habits_performance!N901),0) -> 0 | I901: =student_habits_performance!J901 -> Poor | J901: =student_habits_performance!L901 -> None | K901: =student_habits_performance!M901 -> Average | L901: =ROUND(student_habits_performance!F901,0) -> 2 | M901: =student_habits_performance!K901 -> 0 | N901: =student_habits_performance!G901 -> No | O901: =student_habits_performance!H901 -> 80.8 | P901: =student_habits_performance!Q901 -> 2
... A952: Lhamu Chejik Sherpa | B952: Female | C952: 2703000327600435 | D952: =student_habits_performance!O952 -> No | E952: =student_habits_performance!I952 -> 4.7 | F952: =student_habits_performance!E952 -> 1.1 | G952: =RANDBETWEEN(0,4) -> 1 | H952: =ROUND(LOG(student_habits_performance!N952),0) -> 0 | I952: =student_habits_performance!J952 -> Fair | J952: =student_habits_performance!L952 -> High School | K952: =student_habits_performance!M952 -> Average | L952: =ROUND(student_habits_performance!F952,0) -> 3 | M952: =student_habits_performance!K952 -> 5 | N952: =student_habits_performance!G952 -> No | O952: =student_habits_performance!H952 -> 77.6 | P952: =student_habits_performance!Q952 -> 2
A953: Laga Bumi | B953: #N/A | C953: 2703100947905832 | D953: =student_habits_performance!O953 -> No | E953: =student_habits_performance!I953 -> 8.7 | F953: =student_habits_performance!E953 -> 2.2 | G953: =RANDBETWEEN(0,4) -> 4 | H953: =ROUND(LOG(student_habits_performance!N953),0) -> 1 | I953: =student_habits_performance!J953 -> Good | J953: =student_habits_performance!L953 -> Bachelor | K953: =student_habits_performance!M953 -> Poor | L953: =ROUND(student_habits_performance!F953,0) -> 1 | M953: =student_habits_performance!K953 -> 5 | N953: =student_habits_performance!G953 -> No | O953: =student_habits_performance!H953 -> 76.7 | P953: =student_habits_performance!Q953 -> 4
A954: Rajan Upreti | B954: Male | C954: 2703109767901178 | D954: =student_habits_performance!O954 -> No | E954: =student_habits_performance!I954 -> 5.7 | F954: =student_habits_performance!E954 -> 2.1 | G954: =RANDBETWEEN(0,4) -> 3 | H954: =ROUND(LOG(student_habits_performance!N954),0) -> 1 | I954: =student_habits_performance!J954 -> Poor | J954: =student_habits_performance!L954 -> High School | K954: =student_habits_performance!M954 -> Average | L954: =ROUND(student_habits_performance!F954,0) -> 4 | M954: =student_habits_performance!K954 -> 1 | N954: =student_habits_performance!G954 -> Yes | O954: =student_habits_performance!H954 -> 62.3 | P954: =student_habits_performance!Q954 -> 3
A955: Aditya Kumar Sah | B955: Male | C955: 2703100948100170 | D955: =student_habits_performance!O955 -> No | E955: =student_habits_performance!I955 -> 6.4 | F955: =student_habits_performance!E955 -> 1 | G955: =RANDBETWEEN(0,4) -> 3 | H955: =ROUND(LOG(student_habits_performance!N955),0) -> 1 | I955: =student_habits_performance!J955 -> Fair | J955: =student_habits_performance!L955 -> High School | K955: =student_habits_performance!M955 -> Average | L955: =ROUND(student_habits_performance!F955,0) -> 0 | M955: =student_habits_performance!K955 -> 5 | N955: =student_habits_performance!G955 -> No | O955: =student_habits_performance!H955 -> 81.5 | P955: =student_habits_performance!Q955 -> 2
A956: Pujan Shrestha | B956: Male | C956: 2703106447801205 | D956: =student_habits_performance!O956 -> Yes | E956: =student_habits_performance!I956 -> 7.7 | F956: =student_habits_performance!E956 -> 3 | G956: =RANDBETWEEN(0,4) -> 2 | H956: =ROUND(LOG(student_habits_performance!N956),0) -> 0 | I956: =student_habits_performance!J956 -> Good | J956: =student_habits_performance!L956 -> Master | K956: =student_habits_performance!M956 -> Good | L956: =ROUND(student_habits_performance!F956,0) -> 4 | M956: =student_habits_performance!K956 -> 5 | N956: =student_habits_performance!G956 -> No | O956: =student_habits_performance!H956 -> 82.7 | P956: =student_habits_performance!Q956 -> 3
A957: Lalbir Sarki | B957: Male | C957: 2703100947905817 | D957: =student_habits_performance!O957 -> No | E957: =student_habits_performance!I957 -> 10 | F957: =student_habits_performance!E957 -> 2.8 | G957: =RANDBETWEEN(0,4) -> 1 | H957: =ROUND(LOG(student_habits_performance!N957),0) -> 1 | I957: =student_habits_performance!J957 -> Poor | J957: =student_habits_performance!L957 -> High School | K957: =student_habits_performance!M957 -> Average | L957: =ROUND(student_habits_performance!F957,0) -> 1 | M957: =student_habits_performance!K957 -> 3 | N957: =student_habits_performance!G957 -> Yes | O957: =student_habits_performance!H957 -> 92.2 | P957: =student_habits_performance!Q957 -> 3
A958: Aarati Saha Kalwar | B958: Female | C958: 2703100947603780 | D958: =student_habits_performance!O958 -> No | E958: =student_habits_performance!I958 -> 5 | F958: =student_habits_performance!E958 -> 2.3 | G958: =RANDBETWEEN(0,4) -> 2 | H958: =ROUND(LOG(student_habits_performance!N958),0) -> 0 | I958: =student_habits_performance!J958 -> Good | J958: =student_habits_performance!L958 -> High School | K958: =student_habits_performance!M958 -> Good | L958: =ROUND(student_habits_performance!F958,0) -> 2 | M958: =student_habits_performance!K958 -> 6 | N958: =student_habits_performance!G958 -> No | O958: =student_habits_performance!H958 -> 71 | P958: =student_habits_performance!Q958 -> 2
A959: Niki kushwaha nolastname | B959: Female | C959: 3203200137901109 | D959: =student_habits_performance!O959 -> No | E959: =student_habits_performance!I959 -> 7 | F959: =student_habits_performance!E959 -> 1.6 | G959: =RANDBETWEEN(0,4) -> 2 | H959: =ROUND(LOG(student_habits_performance!N959),0) -> 1 | I959: =student_habits_performance!J959 -> Good | J959: =student_habits_performance!L959 -> High School | K959: =student_habits_performance!M959 -> Average | L959: =ROUND(student_habits_performance!F959,0) -> 0 | M959: =student_habits_performance!K959 -> 5 | N959: =student_habits_performance!G959 -> No | O959: =student_habits_performance!H959 -> 69.8 | P959: =student_habits_performance!Q959 -> 2
A960: Shubham Yadav | B960: Male | C960: 2703100948006906 | D960: =student_habits_performance!O960 -> No | E960: =student_habits_performance!I960 -> 5.7 | F960: =student_habits_performance!E960 -> 3.8 | G960: =RANDBETWEEN(0,4) -> 4 | H960: =ROUND(LOG(student_habits_performance!N960),0) -> 1 | I960: =student_habits_performance!J960 -> Good | J960: =student_habits_performance!L960 -> High School | K960: =student_habits_performance!M960 -> Average | L960: =ROUND(student_habits_performance!F960,0) -> 1 | M960: =student_habits_performance!K960 -> 5 | N960: =student_habits_performance!G960 -> Yes | O960: =student_habits_performance!H960 -> 89.5 | P960: =student_habits_performance!Q960 -> 1
A961: Asmita Kumari Pandit | B961: Female | C961: 2703100947502947 | D961: =student_habits_performance!O961 -> No | E961: =student_habits_performance!I961 -> 5.9 | F961: =student_habits_performance!E961 -> 4.5 | G961: =RANDBETWEEN(0,4) -> 2 | H961: =ROUND(LOG(student_habits_performance!N961),0) -> 0 | I961: =student_habits_performance!J961 -> Fair | J961: =student_habits_performance!L961 -> Master | K961: =student_habits_performance!M961 -> Good | L961: =ROUND(student_habits_performance!F961,0) -> 1 | M961: =student_habits_performance!K961 -> 2 | N961: =student_habits_performance!G961 -> No | O961: =student_habits_performance!H961 -> 95.1 | P961: =student_habits_performance!Q961 -> 2
A962: Aarati Tamang | B962: Female | C962: 2703100947906024 | D962: =student_habits_performance!O962 -> No | E962: =student_habits_performance!I962 -> 5.6 | F962: =student_habits_performance!E962 -> 1.9 | G962: =RANDBETWEEN(0,4) -> 2 | H962: =ROUND(LOG(student_habits_performance!N962),0) -> 1 | I962: =student_habits_performance!J962 -> Good | J962: =student_habits_performance!L962 -> High School | K962: =student_habits_performance!M962 -> Average | L962: =ROUND(student_habits_performance!F962,0) -> 1 | M962: =student_habits_performance!K962 -> 6 | N962: =student_habits_performance!G962 -> Yes | O962: =student_habits_performance!H962 -> 69.3 | P962: =student_habits_performance!Q962 -> 4
A963: Anu Shrestha | B963: Female | C963: 2703100947603781 | D963: =student_habits_performance!O963 -> No | E963: =student_habits_performance!I963 -> 5.1 | F963: =student_habits_performance!E963 -> 1.8 | G963: =RANDBETWEEN(0,4) -> 1 | H963: =ROUND(LOG(student_habits_performance!N963),0) -> 1 | I963: =student_habits_performance!J963 -> Good | J963: =student_habits_performance!L963 -> Master | K963: =student_habits_performance!M963 -> Good | L963: =ROUND(student_habits_performance!F963,0) -> 2 | M963: =student_habits_performance!K963 -> 2 | N963: =student_habits_performance!G963 -> No | O963: =student_habits_performance!H963 -> 95.8 | P963: =student_habits_performance!Q963 -> 3
A964: Barsha Sunar | B964: Female | C964: 2703100947905831 | D964: =student_habits_performance!O964 -> No | E964: =student_habits_performance!I964 -> 6.5 | F964: =student_habits_performance!E964 -> 3.1 | G964: =RANDBETWEEN(0,4) -> 4 | H964: =ROUND(LOG(student_habits_performance!N964),0) -> 1 | I964: =student_habits_performance!J964 -> Good | J964: =student_habits_performance!L964 -> Master | K964: =student_habits_performance!M964 -> Average | L964: =ROUND(student_habits_performance!F964,0) -> 3 | M964: =student_habits_performance!K964 -> 0 | N964: =student_habits_performance!G964 -> Yes | O964: =student_habits_performance!H964 -> 85.4 | P964: =student_habits_performance!Q964 -> 2
...

Sheet scaled
A1: Student Name | B1: Gender | C1: Emis id | D1: Private_Tutoring | E1: Sleep_Hours | F1: Mobile_Usage_Hours | G1: Motivation_Level | H1: Stress_Level | I1: Study_Environment | J1: Parental_Education | K1: Family_Income_Level | L1: Peer_Influence | M1: Physical_Health_Rating | N1: Chronic_Illness | O1: Attendance_Percentage | P1: Risk_Level (TARGET)
A2: Asmita Thapa | B2: Female | C2: 2703100947805132 | D2: =student_habits_performance!O2 -> Yes | E2: =student_habits_performance!I2 -> 8 | F2: =student_habits_performance!E2 -> 1.2 | G2: 1 | H2: =ROUND(LOG(student_habits_performance!N2),0) -> 1 | I2: =student_habits_performance!J2 -> Fair | J2: =student_habits_performance!L2 -> Master | K2: =student_habits_performance!M2 -> Average | L2: =ROUND(student_habits_performance!F2,0) -> 1 | M2: =student_habits_performance!K2 -> 6 | N2: =student_habits_performance!G2 -> No | O2: =student_habits_performance!H2 -> 85 | P2: =student_habits_performance!Q2 -> 2
A3: Kamal K C | B3: Male | C3: 2703100947906290 | D3: =student_habits_performance!O3 -> No | E3: =student_habits_performance!I3 -> 4.6 | F3: =student_habits_performance!E3 -> 2.8 | G3: 2 | H3: =ROUND(LOG(student_habits_performance!N3),0) -> 1 | I3: =student_habits_performance!J3 -> Good | J3: =student_habits_performance!L3 -> High School | K3: =student_habits_performance!M3 -> Average | L3: =ROUND(student_habits_performance!F3,0) -> 2 | M3: =student_habits_performance!K3 -> 6 | N3: =student_habits_performance!G3 -> No | O3: =student_habits_performance!H3 -> 97.3 | P3: =student_habits_performance!Q3 -> 4
A4: Asmita Yesmali Magar | B4: Female | C4: 2703100947502860 | D4: =student_habits_performance!O4 -> No | E4: =student_habits_performance!I4 -> 8 | F4: =student_habits_performance!E4 -> 3.1 | G4: 3 | H4: =ROUND(LOG(student_habits_performance!N4),0) -> 0 | I4: =student_habits_performance!J4 -> Poor | J4: =student_habits_performance!L4 -> High School | K4: =student_habits_performance!M4 -> Poor | L4: =ROUND(student_habits_performance!F4,0) -> 1 | M4: =student_habits_performance!K4 -> 1 | N4: =student_habits_performance!G4 -> No | O4: =student_habits_performance!H4 -> 94.8 | P4: =student_habits_performance!Q4 -> 1
A5: Tushi Kr. Chaurasiya | B5: Male | C5: 2703100947906670 | D5: =student_habits_performance!O5 -> Yes | E5: =student_habits_performance!I5 -> 9.2 | F5: =student_habits_performance!E5 -> 3.9 | G5: 2 | H5: =ROUND(LOG(student_habits_performance!N5),0) -> 0 | I5: =student_habits_performance!J5 -> Poor | J5: =student_habits_performance!L5 -> Master | K5: =student_habits_performance!M5 -> Good | L5: =ROUND(student_habits_performance!F5,0) -> 1 | M5: =student_habits_performance!K5 -> 4 | N5: =student_habits_performance!G5 -> No | O5: =student_habits_performance!H5 -> 71 | P5: =student_habits_performance!Q5 -> 1
A6: Tulasi Kumari Khadga | B6: Female | C6: 2703100947805129 | D6: =student_habits_performance!O6 -> No | E6: =student_habits_performance!I6 -> 4.9 | F6: =student_habits_performance!E6 -> 4.4 | G6: 4 | H6: =ROUND(LOG(student_habits_performance!N6),0) -> 0 | I6: =student_habits_performance!J6 -> Fair | J6: =student_habits_performance!L6 -> Master | K6: =student_habits_performance!M6 -> Good | L6: =ROUND(student_habits_performance!F6,0) -> 1 | M6: =student_habits_performance!K6 -> 3 | N6: =student_habits_performance!G6 -> No | O6: =student_habits_performance!H6 -> 90.9 | P6: =student_habits_performance!Q6 -> 3
A7: Sushil Chandra Subedi | B7: Male | C7: 2703100947906057 | D7: =student_habits_performance!O7 -> No | E7: =student_habits_performance!I7 -> 7.4 | F7: =student_habits_performance!E7 -> 1.3 | G7: 0 | H7: =ROUND(LOG(student_habits_performance!N7),0) -> 1 | I7: =student_habits_performance!J7 -> Fair | J7: =student_habits_performance!L7 -> Master | K7: =student_habits_performance!M7 -> Average | L7: =ROUND(student_habits_performance!F7,0) -> 0 | M7: =student_habits_performance!K7 -> 1 | N7: =student_habits_performance!G7 -> No | O7: =student_habits_performance!H7 -> 82.9 | P7: =student_habits_performance!Q7 -> 4
A8: Suraj Kumar Yadav | B8: Male | C8: 2703100947805100 | D8: =student_habits_performance!O8 -> No | E8: =student_habits_performance!I8 -> 6.5 | F8: =student_habits_performance!E8 -> 1.5 | G8: 3 | H8: =ROUND(LOG(student_habits_performance!N8),0) -> 1 | I8: =student_habits_performance!J8 -> Good | J8: =student_habits_performance!L8 -> Master | K8: =student_habits_performance!M8 -> Poor | L8: =ROUND(student_habits_performance!F8,0) -> 1 | M8: =student_habits_performance!K8 -> 2 | N8: =student_habits_performance!G8 -> Yes | O8: =student_habits_performance!H8 -> 85.8 | P8: =student_habits_performance!Q8 -> 4
A9: Sima Bisunkhe | B9: Female | C9: 2703100947502857 | D9: =student_habits_performance!O9 -> No | E9: =student_habits_performance!I9 -> 4.6 | F9: =student_habits_performance!E9 -> 1 | G9: 4 | H9: =ROUND(LOG(student_habits_performance!N9),0) -> 1 | I9: =student_habits_performance!J9 -> Fair | J9: =student_habits_performance!L9 -> Bachelor | K9: =student_habits_performance!M9 -> Average | L9: =ROUND(student_habits_performance!F9,0) -> 2 | M9: =student_habits_performance!K9 -> 0 | N9: =student_habits_performance!G9 -> Yes | O9: =student_habits_performance!H9 -> 77.7 | P9: =student_habits_performance!Q9 -> 3
A10: Sudip Baniya | B10: Male | C10: 2703100948007108 | D10: =student_habits_performance!O10 -> No | E10: =student_habits_performance!I10 -> 7.1 | F10: =student_habits_performance!E10 -> 2.2 | G10: 2 | H10: =ROUND(LOG(student_habits_performance!N10),0) -> 0 | I10: =student_habits_performance!J10 -> Good | J10: =student_habits_performance!L10 -> Bachelor | K10: =student_habits_performance!M10 -> Good | L10: =ROUND(student_habits_performance!F10,0) -> 2 | M10: =student_habits_performance!K10 -> 3 | N10: =student_habits_performance!G10 -> No | O10: =student_habits_performance!H10 -> 100 | P10: =student_habits_performance!Q10 -> 3
A11: Sparsh Sah | B11: Male | C11: 2703100947906143 | D11: =student_habits_performance!O11 -> Yes | E11: =student_habits_performance!I11 -> 7.5 | F11: =student_habits_performance!E11 -> 3.1 | G11: 0 | H11: =ROUND(LOG(student_habits_performance!N11),0) -> 1 | I11: =student_habits_performance!J11 -> Good | J11: =student_habits_performance!L11 -> Bachelor | K11: =student_habits_performance!M11 -> Good | L11: =ROUND(student_habits_performance!F11,0) -> 1 | M11: =student_habits_performance!K11 -> 5 | N11: =student_habits_performance!G11 -> No | O11: =student_habits_performance!H11 -> 95.4 | P11: =student_habits_performance!Q11 -> 4
A12: Sitala Parajuli | B12: Female | C12: 2703100947502855 | D12: =student_habits_performance!O12 -> No | E12: =student_habits_performance!I12 -> 5.8 | F12: =student_habits_performance!E12 -> 3.7 | G12: 4 | H12: =ROUND(LOG(student_habits_performance!N12),0) -> 0 | I12: =student_habits_performance!J12 -> Fair | J12: =student_habits_performance!L12 -> None | K12: =student_habits_performance!M12 -> Good | L12: =ROUND(student_habits_performance!F12,0) -> 1 | M12: =student_habits_performance!K12 -> 1 | N12: =student_habits_performance!G12 -> No | O12: =student_habits_performance!H12 -> 77.6 | P12: =student_habits_performance!Q12 -> 3
A13: Siddhartha Khanal | B13: Male | C13: 2703100947906078 | D13: =student_habits_performance!O13 -> No | E13: =student_habits_performance!I13 -> 7.9 | F13: =student_habits_performance!E13 -> 2.4 | G13: 2 | H13: =ROUND(LOG(student_habits_performance!N13),0) -> 0 | I13: =student_habits_performance!J13 -> Fair | J13: =student_habits_performance!L13 -> Bachelor | K13: =student_habits_performance!M13 -> Average | L13: =ROUND(student_habits_performance!F13,0) -> 3 | M13: =student_habits_performance!K13 -> 2 | N13: =student_habits_performance!G13 -> No | O13: =student_habits_performance!H13 -> 71.7 | P13: =student_habits_performance!Q13 -> 3
... A173: KHUSHBU SAH KALWAR | B173: Female | C173: 2703100948100189 | D173: =student_habits_performance!O173 -> Yes | E173: =student_habits_performance!I173 -> 5.5 | F173: =student_habits_performance!E173 -> 2.4 | G173: 0 | H173: =ROUND(LOG(student_habits_performance!N173),0) -> 0 | I173: =student_habits_performance!J173 -> Good | J173: =student_habits_performance!L173 -> Bachelor | K173: =student_habits_performance!M173 -> Good | L173: =ROUND(student_habits_performance!F173,0) -> 0 | M173: =student_habits_performance!K173 -> 0 | N173: =student_habits_performance!G173 -> No | O173: =student_habits_performance!H173 -> 85.5 | P173: =student_habits_performance!Q173 -> 3
A174: Jems Kumar Chaudhary | B174: #N/A | C174: 2703100947603700 | D174: =student_habits_performance!O174 -> No | E174: =student_habits_performance!I174 -> 7.1 | F174: =student_habits_performance!E174 -> 0.7 | G174: 0 | H174: =ROUND(LOG(student_habits_performance!N174),0) -> 1 | I174: =student_habits_performance!J174 -> Good | J174: =student_habits_performance!L174 -> High School | K174: =student_habits_performance!M174 -> Good | L174: =ROUND(student_habits_performance!F174,0) -> 4 | M174: =student_habits_performance!K174 -> 5 | N174: =student_habits_performance!G174 -> No | O174: =student_habits_performance!H174 -> 74.3 | P174: =student_habits_performance!Q174 -> 3
A175: Ishan Lamichhane | B175: Male | C175: 2703100948007153 | D175: =student_habits_performance!O175 -> Yes | E175: =student_habits_performance!I175 -> 5.6 | F175: =student_habits_performance!E175 -> 2.1 | G175: 4 | H175: =ROUND(LOG(student_habits_performance!N175),0) -> 1 | I175: =student_habits_performance!J175 -> Fair | J175: =student_habits_performance!L175 -> Master | K175: =student_habits_performance!M175 -> Good | L175: =ROUND(student_habits_performance!F175,0) -> 2 | M175: =student_habits_performance!K175 -> 3 | N175: =student_habits_performance!G175 -> No | O175: =student_habits_performance!H175 -> 85.8 | P175: =student_habits_performance!Q175 -> 3
A176: Hima Rai | B176: Female | C176: 2703100947301644 | D176: =student_habits_performance!O176 -> No | E176: =student_habits_performance!I176 -> 7.7 | F176: =student_habits_performance!E176 -> 3.6 | G176: 3 | H176: =ROUND(LOG(student_habits_performance!N176),0) -> 0 | I176: =student_habits_performance!J176 -> Good | J176: =student_habits_performance!L176 -> High School | K176: =student_habits_performance!M176 -> Poor | L176: =ROUND(student_habits_performance!F176,0) -> 3 | M176: =student_habits_performance!K176 -> 5 | N176: =student_habits_performance!G176 -> Yes | O176: =student_habits_performance!H176 -> 80.2 | P176: =student_habits_performance!Q176 -> 3
A177: Dip Narayan Pal | B177: Male | C177: 2703100947805120 | D177: =student_habits_performance!O177 -> No | E177: =student_habits_performance!I177 -> 5 | F177: =student_habits_performance!E177 -> 3.2 | G177: 2 | H177: =ROUND(LOG(student_habits_performance!N177),0) -> 1 | I177: =student_habits_performance!J177 -> Good | J177: =student_habits_performance!L177 -> Master | K177: =student_habits_performance!M177 -> Good | L177: =ROUND(student_habits_performance!F177,0) -> 0 | M177: =student_habits_performance!K177 -> 3 | N177: =student_habits_performance!G177 -> No | O177: =student_habits_performance!H177 -> 100 | P177: =student_habits_performance!Q177 -> 3
A178: Dipesh Thapa | B178: Male | C178: 2703100948007050 | D178: =student_habits_performance!O178 -> Yes | E178: =student_habits_performance!I178 -> 7.1 | F178: =student_habits_performance!E178 -> 3.1 | G178: 2 | H178: =ROUND(LOG(student_habits_performance!N178),0) -> 1 | I178: =student_habits_performance!J178 -> Good | J178: =student_habits_performance!L178 -> High School | K178: =student_habits_performance!M178 -> Average | L178: =ROUND(student_habits_performance!F178,0) -> 0 | M178: =student_habits_performance!K178 -> 6 | N178: =student_habits_performance!G178 -> No | O178: =student_habits_performance!H178 -> 84.6 | P178: =student_habits_performance!Q178 -> 3
A179: Dilpana Shrestha | B179: Female | C179: 2703100948007096 | D179: =student_habits_performance!O179 -> Yes | E179: =student_habits_performance!I179 -> 5.5 | F179: =student_habits_performance!E179 -> 2.6 | G179: 1 | H179: =ROUND(LOG(student_habits_performance!N179),0) -> 1 | I179: =student_habits_performance!J179 -> Fair | J179: =student_habits_performance!L179 -> Master | K179: =student_habits_performance!M179 -> Average | L179: =ROUND(student_habits_performance!F179,0) -> 2 | M179: =student_habits_performance!K179 -> 0 | N179: =student_habits_performance!G179 -> No | O179: =student_habits_performance!H179 -> 71 | P179: =student_habits_performance!Q179 -> 2
A180: Chandra Prakash Regmi | B180: Male | C180: 2703100947502843 | D180: =student_habits_performance!O180 -> No | E180: =student_habits_performance!I180 -> 6.3 | F180: =student_habits_performance!E180 -> 2.5 | G180: 1 | H180: =ROUND(LOG(student_habits_performance!N180),0) -> 1 | I180: =student_habits_performance!J180 -> Poor | J180: =student_habits_performance!L180 -> None | K180: =student_habits_performance!M180 -> Good | L180: =ROUND(student_habits_performance!F180,0) -> 2 | M180: =student_habits_performance!K180 -> 5 | N180: =student_habits_performance!G180 -> Yes | O180: =student_habits_performance!H180 -> 83.7 | P180: =student_habits_performance!Q180 -> 3
A181: Bikash Majhi | B181: Male | C181: 2703100947805092 | D181: =student_habits_performance!O181 -> No | E181: =student_habits_performance!I181 -> 5.3 | F181: =student_habits_performance!E181 -> 1.7 | G181: 4 | H181: =ROUND(LOG(student_habits_performance!N181),0) -> 1 | I181: =student_habits_performance!J181 -> Good | J181: =student_habits_performance!L181 -> High School | K181: =student_habits_performance!M181 -> Average | L181: =ROUND(student_habits_performance!F181,0) -> 4 | M181: =student_habits_performance!K181 -> 2 | N181: =student_habits_performance!G181 -> No | O181: =student_habits_performance!H181 -> 90.2 | P181: =student_habits_performance!Q181 -> 2
A182: Bhawana Khatri | B182: Female | C182: 2703100947805135 | D182: =student_habits_performance!O182 -> No | E182: =student_habits_performance!I182 -> 7.5 | F182: =student_habits_performance!E182 -> 3.3 | G182: 3 | H182: =ROUND(LOG(student_habits_performance!N182),0) -> 1 | I182: =student_habits_performance!J182 -> Fair | J182: =student_habits_performance!L182 -> None | K182: =student_habits_performance!M182 -> Good | L182: =ROUND(student_habits_performance!F182,0) -> 3 | M182: =student_habits_performance!K182 -> 5 | N182: =student_habits_performance!G182 -> Yes | O182: =student_habits_performance!H182 -> 100 | P182: =student_habits_performance!Q182 -> 3
A183: Babita Rawal | B183: Female | C183: 2703100948007133 | D183: =student_habits_performance!O183 -> No | E183: =student_habits_performance!I183 -> 5.5 | F183: =student_habits_performance!E183 -> 3 | G183: 2 | H183: =ROUND(LOG(student_habits_performance!N183),0) -> 1 | I183: =student_habits_performance!J183 -> Good | J183: =student_habits_performance!L183 -> Bachelor | K183: =student_habits_performance!M183 -> Average | L183: =ROUND(student_habits_performance!F183,0) -> 2 | M183: =student_habits_performance!K183 -> 0 | N183: =student_habits_performance!G183 -> Yes | O183: =student_habits_performance!H183 -> 79.1 | P183: =student_habits_performance!Q183 -> 3
A184: Aswin Sunar | B184: Male | C184: 2703100947805108 | D184: =student_habits_performance!O184 -> No | E184: =student_habits_performance!I184 -> 7.2 | F184: =student_habits_performance!E184 -> 3.1 | G184: 2 | H184: =ROUND(LOG(student_habits_performance!N184),0) -> 1 | I184: =student_habits_performance!J184 -> Good | J184: =student_habits_performance!L184 -> Master | K184: =student_habits_performance!M184 -> Poor | L184: =ROUND(student_habits_performance!F184,0) -> 1 | M184: =student_habits_performance!K184 -> 1 | N184: =student_habits_performance!G184 -> No | O184: =student_habits_performance!H184 -> 69.2 | P184: =student_habits_performance!Q184 -> 3
A185: Archana Rai | B185: Female | C185: 2703100947502835 | D185: =student_habits_performance!O185 -> Yes | E185: =student_habits_performance!I185 -> 6.1 | F185: =student_habits_performance!E185 -> 1.9 | G185: 0 | H185: =ROUND(LOG(student_habits_performance!N185),0) -> 1 | I185: =student_habits_performance!J185 -> Fair | J185: =student_habits_performance!L185 -> High School | K185: =student_habits_performance!M185 -> Average | L185: =ROUND(student_habits_performance!F185,0) -> 3 | M185: =student_habits_performance!K185 -> 1 | N185: =student_habits_performance!G185 -> No | O185: =student_habits_performance!H185 -> 93.2 | P185: =student_habits_performance!Q185 -> 3
A186: Anisha Basnet | B186: Female | C186: 2703100947905851 | D186: =student_habits_performance!O186 -> No | E186: =student_habits_performance!I186 -> 6.4 | F186: =student_habits_performance!E186 -> 0 | G186: 0 | H186: =ROUND(LOG(student_habits_performance!N186),0) -> 1 | I186: =student_habits_performance!J186 -> Fair | J186: =student_habits_performance!L186 -> Master | K186: =student_habits_performance!M186 -> Poor | L186: =ROUND(student_habits_performance!F186,0) -> 1 | M186: =student_habits_performance!K186 -> 5 | N186: =student_habits_performance!G186 -> No | O186: =student_habits_performance!H186 -> 71.2 | P186: =student_habits_performance!Q186 -> 4
... A299: Aashirbad Patel | B299: Male | C299: 2703100947805134 | D299: =student_habits_performance!O299 -> No | E299: =student_habits_performance!I299 -> 3.5 | F299: =student_habits_performance!E299 -> 2.8 | G299: 1 | H299: =ROUND(LOG(student_habits_performance!N299),0) -> 0 | I299: =student_habits_performance!J299 -> Good | J299: =student_habits_performance!L299 -> Master | K299: =student_habits_performance!M299 -> Average | L299: =ROUND(student_habits_performance!F299,0) -> 1 | M299: =student_habits_performance!K299 -> 2 | N299: =student_habits_performance!G299 -> No | O299: =student_habits_performance!H299 -> 82.4 | P299: =student_habits_performance!Q299 -> 2
A300: Sumit Roka Magar | B300: #N/A | C300: 2703100947906103 | D300: =student_habits_performance!O300 -> Yes | E300: =student_habits_performance!I300 -> 6.2 | F300: =student_habits_performance!E300 -> 3.1 | G300: 2 | H300: =ROUND(LOG(student_habits_performance!N300),0) -> 1 | I300: =student_habits_performance!J300 -> Poor | J300: =student_habits_performance!L300 -> High School | K300: =student_habits_performance!M300 -> Average | L300: =ROUND(student_habits_performance!F300,0) -> 2 | M300: =student_habits_performance!K300 -> 3 | N300: =student_habits_performance!G300 -> No | O300: =student_habits_performance!H300 -> 88.1 | P300: =student_habits_performance!Q300 -> 4
A301: Smile Darnal | B301: Male | C301: 2703100948100399 | D301: =student_habits_performance!O301 -> No | E301: =student_habits_performance!I301 -> 7.7 | F301: =student_habits_performance!E301 -> 3.1 | G301: 3 | H301: =ROUND(LOG(student_habits_performance!N301),0) -> 1 | I301: =student_habits_performance!J301 -> Fair | J301: =student_habits_performance!L301 -> Bachelor | K301: =student_habits_performance!M301 -> Average | L301: =ROUND(student_habits_performance!F301,0) -> 1 | M301: =student_habits_performance!K301 -> 3 | N301: =student_habits_performance!G301 -> No | O301: =student_habits_performance!H301 -> 100 | P301: =student_habits_performance!Q301 -> 4
A302: Sangnima Sherpa | B302: Male | C302: 2703100948100394 | D302: =student_habits_performance!O302 -> Yes | E302: =student_habits_performance!I302 -> 5.7 | F302: =student_habits_performance!E302 -> 2.6 | G302: 2 | H302: =ROUND(LOG(student_habits_performance!N302),0) -> 1 | I302: =student_habits_performance!J302 -> Poor | J302: =student_habits_performance!L302 -> High School | K302: =student_habits_performance!M302 -> Good | L302: =ROUND(student_habits_performance!F302,0) -> 4 | M302: =student_habits_performance!K302 -> 6 | N302: =student_habits_performance!G302 -> No | O302: =student_habits_performance!H302 -> 71 | P302: =student_habits_performance!Q302 -> 2
A303: Sandesh Shahi | B303: Male | C303: 2703100947704273 | D303: =student_habits_performance!O303 -> No | E303: =student_habits_performance!I303 -> 6.6 | F303: =student_habits_performance!E303 -> 3.4 | G303: 0 | H303: =ROUND(LOG(student_habits_performance!N303),0) -> 1 | I303: =student_habits_performance!J303 -> Good | J303: =student_habits_performance!L303 -> High School | K303: =student_habits_performance!M303 -> Average | L303: =ROUND(student_habits_performance!F303,0) -> 4 | M303: =student_habits_performance!K303 -> 3 | N303: =student_habits_performance!G303 -> Yes | O303: =student_habits_performance!H303 -> 97 | P303: =student_habits_performance!Q303 -> 2
A304: Sachin Chaudhary | B304: #N/A | C304: 2703100948200376 | D304: =student_habits_performance!O304 -> No | E304: =student_habits_performance!I304 -> 5.6 | F304: =student_habits_performance!E304 -> 3.1 | G304: 4 | H304: =ROUND(LOG(student_habits_performance!N304),0) -> 1 | I304: =student_habits_performance!J304 -> Fair | J304: =student_habits_performance!L304 -> High School | K304: =student_habits_performance!M304 -> Poor | L304: =ROUND(student_habits_performance!F304,0) -> 2 | M304: =student_habits_performance!K304 -> 5 | N304: =student_habits_performance!G304 -> No | O304: =student_habits_performance!H304 -> 86.8 | P304: =student_habits_performance!Q304 -> 3
A305: Rejina Subedi | B305: #N/A | C305: 2703100948200416 | D305: =student_habits_performance!O305 -> No | E305: =student_habits_performance!I305 -> 6.9 | F305: =student_habits_performance!E305 -> 1 | G305: 1 | H305: =ROUND(LOG(student_habits_performance!N305),0) -> 1 | I305: =student_habits_performance!J305 -> Good | J305: =student_habits_performance!L305 -> None | K305: =student_habits_performance!M305 -> Good | L305: =ROUND(student_habits_performance!F305,0) -> 3 | M305: =student_habits_performance!K305 -> 6 | N305: =student_habits_performance!G305 -> No | O305: =student_habits_performance!H305 -> 93.4 | P305: =student_habits_performance!Q305 -> 3
A306: Prince Raut Kurmi | B306: Male | C306: 2703100947906116 | D306: =student_habits_performance!O306 -> No | E306: =student_habits_performance!I306 -> 6.2 | F306: =student_habits_performance!E306 -> 3.5 | G306: 0 | H306: =ROUND(LOG(student_habits_performance!N306),0) -> 0 | I306: =student_habits_performance!J306 -> Good | J306: =student_habits_performance!L306 -> Bachelor | K306: =student_habits_performance!M306 -> Average | L306: =ROUND(student_habits_performance!F306,0) -> 2 | M306: =student_habits_performance!K306 -> 0 | N306: =student_habits_performance!G306 -> No | O306: =student_habits_performance!H306 -> 84 | P306: =student_habits_performance!Q306 -> 2
A307: Nema Dorje Tamang | B307: Male | C307: 2703100948200410 | D307: =student_habits_performance!O307 -> Yes | E307: =student_habits_performance!I307 -> 5.4 | F307: =student_habits_performance!E307 -> 3.6 | G307: 0 | H307: =ROUND(LOG(student_habits_performance!N307),0) -> 1 | I307: =student_habits_performance!J307 -> Fair | J307: =student_habits_performance!L307 -> High School | K307: =student_habits_performance!M307 -> Good | L307: =ROUND(student_habits_performance!F307,0) -> 0 | M307: =student_habits_performance!K307 -> 2 | N307: =student_habits_performance!G307 -> No | O307: =student_habits_performance!H307 -> 76.6 | P307: =student_habits_performance!Q307 -> 4
A308: Maya Rokaya | B308: Female | C308: 6601500018001504 | D308: =student_habits_performance!O308 -> No | E308: =student_habits_performance!I308 -> 8.1 | F308: =student_habits_performance!E308 -> 1.6 | G308: 1 | H308: =ROUND(LOG(student_habits_performance!N308),0) -> 1 | I308: =student_habits_performance!J308 -> Fair | J308: =student_habits_performance!L308 -> Bachelor | K308: =student_habits_performance!M308 -> Average | L308: =ROUND(student_habits_performance!F308,0) -> 1 | M308: =student_habits_performance!K308 -> 5 | N308: =student_habits_performance!G308 -> No | O308: =student_habits_performance!H308 -> 92.5 | P308: =student_habits_performance!Q308 -> 4
A309: Mausam Basnet | B309: #N/A | C309: 2703100948200408 | D309: =student_habits_performance!O309 -> No | E309: =student_habits_performance!I309 -> 7.6 | F309: =student_habits_performance!E309 -> 2.5 | G309: 3 | H309: =ROUND(LOG(student_habits_performance!N309),0) -> 1 | I309: =student_habits_performance!J309 -> Fair | J309: =student_habits_performance!L309 -> None | K309: =student_habits_performance!M309 -> Good | L309: =ROUND(student_habits_performance!F309,0) -> 2 | M309: =student_habits_performance!K309 -> 2 | N309: =student_habits_performance!G309 -> Yes | O309: =student_habits_performance!H309 -> 91.5 | P309: =student_habits_performance!Q309 -> 3
A310: Manshristi Majhi | B310: Female | C310: 2703100127901247 | D310: =student_habits_performance!O310 -> Yes | E310: =student_habits_performance!I310 -> 5.8 | F310: =student_habits_performance!E310 -> 3.3 | G310: 4 | H310: =ROUND(LOG(student_habits_performance!N310),0) -> 1 | I310: =student_habits_performance!J310 -> Fair | J310: =student_habits_performance!L310 -> Master | K310: =student_habits_performance!M310 -> Good | L310: =ROUND(student_habits_performance!F310,0) -> 1 | M310: =student_habits_performance!K310 -> 6 | N310: =student_habits_performance!G310 -> No | O310: =student_habits_performance!H310 -> 94.7 | P310: =student_habits_performance!Q310 -> 2
A311: Mansharisti Majhi | B311: #N/A | C311: 2703100948200407 | D311: =student_habits_performance!O311 -> Yes | E311: =student_habits_performance!I311 -> 7.1 | F311: =student_habits_performance!E311 -> 2.2 | G311: 4 | H311: =ROUND(LOG(student_habits_performance!N311),0) -> 0 | I311: =student_habits_performance!J311 -> Fair | J311: =student_habits_performance!L311 -> High School | K311: =student_habits_performance!M311 -> Good | L311: =ROUND(student_habits_performance!F311,0) -> 2 | M311: =student_habits_performance!K311 -> 5 | N311: =student_habits_performance!G311 -> No | O311: =student_habits_performance!H311 -> 84.9 | P311: =student_habits_performance!Q311 -> 3
A312: Manish Khatri | B312: Male | C312: 2703100948200381 | D312: =student_habits_performance!O312 -> No | E312: =student_habits_performance!I312 -> 7.1 | F312: =student_habits_performance!E312 -> 3.8 | G312: 2 | H312: =ROUND(LOG(student_habits_performance!N312),0) -> 1 | I312: =student_habits_performance!J312 -> Good | J312: =student_habits_performance!L312 -> Master | K312: =student_habits_performance!M312 -> Average | L312: =ROUND(student_habits_performance!F312,0) -> 2 | M312: =student_habits_performance!K312 -> 6 | N312: =student_habits_performance!G312 -> No | O312: =student_habits_performance!H312 -> 79 | P312: =student_habits_performance!Q312 -> 4
A313: Manavi Roka | B313: Female | C313: 2703100948200380 | D313: =student_habits_performance!O313 -> No | E313: =student_habits_performance!I313 -> 7.3 | F313: =student_habits_performance!E313 -> 5.3 | G313: 2 | H313: =ROUND(LOG(student_habits_performance!N313),0) -> 1 | I313: =student_habits_performance!J313 -> Good | J313: =student_habits_performance!L313 -> Bachelor | K313: =student_habits_performance!M313 -> Average | L313: =ROUND(student_habits_performance!F313,0) -> 2 | M313: =student_habits_performance!K313 -> 5 | N313: =student_habits_performance!G313 -> Yes | O313: =student_habits_performance!H313 -> 69.4 | P313: =student_habits_performance!Q313 -> 3
A314: Krish Prasad Jaiswal | B314: Male | C314: 3300900118000168 | D314: =student_habits_performance!O314 -> No | E314: =student_habits_performance!I314 -> 4.5 | F314: =student_habits_performance!E314 -> 1.6 | G314: 3 | H314: =ROUND(LOG(student_habits_performance!N314),0) -> 1 | I314: =student_habits_performance!J314 -> Good | J314: =student_habits_performance!L314 -> Master | K314: =student_habits_performance!M314 -> Average | L314: =ROUND(student_habits_performance!F314,0) -> 2 | M314: =student_habits_performance!K314 -> 6 | N314: =student_habits_performance!G314 -> No | O314: =student_habits_performance!H314 -> 93.2 | P314: =student_habits_performance!Q314 -> 3
A315: Kiran Shahi | B315: #N/A | C315: 2703100948200373 | D315: =student_habits_performance!O315 -> No | E315: =student_habits_performance!I315 -> 7.7 | F315: =student_habits_performance!E315 -> 0.8 | G315: 1 | H315: =ROUND(LOG(student_habits_performance!N315),0) -> 1 | I315: =student_habits_performance!J315 -> Good | J315: =student_habits_performance!L315 -> High School | K315: =student_habits_performance!M315 -> Good | L315: =ROUND(student_habits_performance!F315,0) -> 1 | M315: =student_habits_performance!K315 -> 0 | N315: =student_habits_performance!G315 -> No | O315: =student_habits_performance!H315 -> 89.2 | P315: =student_habits_performance!Q315 -> 3
A316: Kamala Rokaya | B316: #N/A | C316: 2703100948200371 | D316: =student_habits_performance!O316 -> Yes | E316: =student_habits_performance!I316 -> 5.8 | F316: =student_habits_performance!E316 -> 2.9 | G316: 0 | H316: =ROUND(LOG(student_habits_performance!N316),0) -> 1 | I316: =student_habits_performance!J316 -> Good | J316: =student_habits_performance!L316 -> Bachelor | K316: =student_habits_performance!M316 -> Good | L316: =ROUND(student_habits_performance!F316,0) -> 1 | M316: =student_habits_performance!K316 -> 2 | N316: =student_habits_performance!G316 -> No | O316: =student_habits_performance!H316 -> 75.3 | P316: =student_habits_performance!Q316 -> 2
A317: Gautam Kumar Yadav | B317: #N/A | C317: 2703100948200400 | D317: =student_habits_performance!O317 -> No | E317: =student_habits_performance!I317 -> 6.1 | F317: =student_habits_performance!E317 -> 3.4 | G317: 1 | H317: =ROUND(LOG(student_habits_performance!N317),0) -> 1 | I317: =student_habits_performance!J317 -> Fair | J317: =student_habits_performance!L317 -> High School | K317: =student_habits_performance!M317 -> Poor | L317: =ROUND(student_habits_performance!F317,0) -> 0 | M317: =student_habits_performance!K317 -> 5 | N317: =student_habits_performance!G317 -> No | O317: =student_habits_performance!H317 -> 79.6 | P317: =student_habits_performance!Q317 -> 4
A318: Chandan Kumar Yadav | B318: #N/A | C318: 2703100948200395 | D318: =student_habits_performance!O318 -> No | E318: =student_habits_performance!I318 -> 9.7 | F318: =student_habits_performance!E318 -> 2.2 | G318: 2 | H318: =ROUND(LOG(student_habits_performance!N318),0) -> 1 | I318: =student_habits_performance!J318 -> Good | J318: =student_habits_performance!L318 -> High School | K318: =student_habits_performance!M318 -> Poor | L318: =ROUND(student_habits_performance!F318,0) -> 3 | M318: =student_habits_performance!K318 -> 0 | N318: =student_habits_performance!G318 -> Yes | O318: =student_habits_performance!H318 -> 80.3 | P318: =student_habits_performance!Q318 -> 3
A319: Bandana Kumari Mahato | B319: Female | C319: 1606300107703488 | D319: =student_habits_performance!O319 -> Yes | E319: =student_habits_performance!I319 -> 6.9 | F319: =student_habits_performance!E319 -> 4.2 | G319: 3 | H319: =ROUND(LOG(student_habits_performance!N319),0) -> 1 | I319: =student_habits_performance!J319 -> Good | J319: =student_habits_performance!L319 -> High School | K319: =student_habits_performance!M319 -> Average | L319: =ROUND(student_habits_performance!F319,0) -> 0 | M319: =student_habits_performance!K319 -> 1 | N319: =student_habits_performance!G319 -> No | O319: =student_habits_performance!H319 -> 70.2 | P319: =student_habits_performance!Q319 -> 3
A320: Arun Dhami | B320: Male | C320: 2703108807900611 | D320: =student_habits_performance!O320 -> No | E320: =student_habits_performance!I320 -> 6 | F320: =student_habits_performance!E320 -> 0.9 | G320: 0 | H320: =ROUND(LOG(student_habits_performance!N320),0) -> 1 | I320: =student_habits_performance!J320 -> Fair | J320: =student_habits_performance!L320 -> High School | K320: =student_habits_performance!M320 -> Poor | L320: =ROUND(student_habits_performance!F320,0) -> 3 | M320: =student_habits_performance!K320 -> 6 | N320: =student_habits_performance!G320 -> No | O320: =student_habits_performance!H320 -> 76.8 | P320: =student_habits_performance!Q320 -> 3
A321: Anmol Kumar Sah | B321: #N/A | C321: 2703100948200393 | D321: =student_habits_performance!O321 -> Yes | E321: =student_habits_performance!I321 -> 3.9 | F321: =student_habits_performance!E321 -> 3.3 | G321: 3 | H321: =ROUND(LOG(student_habits_performance!N321),0) -> 1 | I321: =student_habits_performance!J321 -> Good | J321: =student_habits_performance!L321 -> Master | K321: =student_habits_performance!M321 -> Average | L321: =ROUND(student_habits_performance!F321,0) -> 3 | M321: =student_habits_performance!K321 -> 4 | N321: =student_habits_performance!G321 -> No | O321: =student_habits_performance!H321 -> 73.7 | P321: =student_habits_performance!Q321 -> 2
A322: Ambika Yadav | B322: #N/A | C322: 2703100948200391 | D322: =student_habits_performance!O322 -> Yes | E322: =student_habits_performance!I322 -> 8.2 | F322: =student_habits_performance!E322 -> 1.8 | G322: 1 | H322: =ROUND(LOG(student_habits_performance!N322),0) -> 1 | I322: =student_habits_performance!J322 -> Fair | J322: =student_habits_performance!L322 -> None | K322: =student_habits_performance!M322 -> Poor | L322: =ROUND(student_habits_performance!F322,0) -> 2 | M322: =student_habits_performance!K322 -> 5 | N322: =student_habits_performance!G322 -> No | O322: =student_habits_performance!H322 -> 80.9 | P322: =student_habits_performance!Q322 -> 4
A323: Sujit Kumar Shah | B323: Male | C323: 2703100947805061 | D323: =student_habits_performance!O323 -> Yes | E323: =student_habits_performance!I323 -> 4.9 | F323: =student_habits_performance!E323 -> 4.6 | G323: 2 | H323: =ROUND(LOG(student_habits_performance!N323),0) -> 1 | I323: =student_habits_performance!J323 -> Good | J323: =student_habits_performance!L323 -> Bachelor | K323: =student_habits_performance!M323 -> Good | L323: =ROUND(student_habits_performance!F323,0) -> 0 | M323: =student_habits_performance!K323 -> 3 | N323: =student_habits_performance!G323 -> Yes | O323: =student_habits_performance!H323 -> 77.6 | P323: =student_habits_performance!Q323 -> 3
A324: Simrika Kumari Chaudhary | B324: Female | C324: 2703100948006987 | D324: =student_habits_performance!O324 -> No | E324: =student_habits_performance!I324 -> 5.3 | F324: =student_habits_performance!E324 -> 4.9 | G324: 4 | H324: =ROUND(LOG(student_habits_performance!N324),0) -> 1 | I324: =student_habits_performance!J324 -> Good | J324: =student_habits_performance!L324 -> Bachelor | K324: =student_habits_performance!M324 -> Good | L324: =ROUND(student_habits_performance!F324,0) -> 1 | M324: =student_habits_performance!K324 -> 0 | N324: =student_habits_performance!G324 -> No | O324: =student_habits_performance!H324 -> 68.7 | P324: =student_habits_performance!Q324 -> 4
A325: Shivam Kumar Kushwaha | B325: Male | C325: 3102000447902772 | D325: =student_habits_performance!O325 -> No | E325: =student_habits_performance!I325 -> 6.1 | F325: =student_habits_performance!E325 -> 1.6 | G325: 1 | H325: =ROUND(LOG(student_habits_performance!N325),0) -> 1 | I325: =student_habits_performance!J325 -> Good | J325: =student_habits_performance!L325 -> Bachelor | K325: =student_habits_performance!M325 -> Good | L325: =ROUND(student_habits_performance!F325,0) -> 2 | M325: =student_habits_performance!K325 -> 0 | N325: =student_habits_performance!G325 -> No | O325: =student_habits_performance!H325 -> 100 | P325: =student_habits_performance!Q325 -> 3
A326: Smarika Tharu | B326: Female | C326: 2703100948006968 | D326: =student_habits_performance!O326 -> No | E326: =student_habits_performance!I326 -> 8.2 | F326: =student_habits_performance!E326 -> 1.8 | G326: 0 | H326: =ROUND(LOG(student_habits_performance!N326),0) -> 0 | I326: =student_habits_performance!J326 -> Fair | J326: =student_habits_performance!L326 -> Bachelor | K326: =student_habits_performance!M326 -> Average | L326: =ROUND(student_habits_performance!F326,0) -> 1 | M326: =student_habits_performance!K326 -> 5 | N326: =student_habits_performance!G326 -> No | O326: =student_habits_performance!H326 -> 97.5 | P326: =student_habits_performance!Q326 -> 3
A327: Jyoti Kumari Sah | B327: Female | C327: 2703100947402066 | D327: =student_habits_performance!O327 -> No | E327: =student_habits_performance!I327 -> 7.4 | F327: =student_habits_performance!E327 -> 3.5 | G327: 4 | H327: =ROUND(LOG(student_habits_performance!N327),0) -> 1 | I327: =student_habits_performance!J327 -> Good | J327: =student_habits_performance!L327 -> High School | K327: =student_habits_performance!M327 -> Good | L327: =ROUND(student_habits_performance!F327,0) -> 1 | M327: =student_habits_performance!K327 -> 0 | N327: =student_habits_performance!G327 -> No | O327: =student_habits_performance!H327 -> 77.2 | P327: =student_habits_performance!Q327 -> 3
A328: Fayaj Osta | B328: Male | C328: 2703100947301213 | D328: =student_habits_performance!O328 -> No | E328: =student_habits_performance!I328 -> 6.3 | F328: =student_habits_performance!E328 -> 2 | G328: 0 | H328: =ROUND(LOG(student_habits_performance!N328),0) -> 1 | I328: =student_habits_performance!J328 -> Fair | J328: =student_habits_performance!L328 -> Bachelor | K328: =student_habits_performance!M328 -> Good | L328: =ROUND(student_habits_performance!F328,0) -> 4 | M328: =student_habits_performance!K328 -> 1 | N328: =student_habits_performance!G328 -> No | O328: =student_habits_performance!H328 -> 87.7 | P328: =student_habits_performance!Q328 -> 2
A329: Swrikriti Lamichhane | B329: Female | C329: 2703100948200427 | D329: =student_habits_performance!O329 -> No | E329: =student_habits_performance!I329 -> 6.9 | F329: =student_habits_performance!E329 -> 2.4 | G329: 4 | H329: =ROUND(LOG(student_habits_performance!N329),0) -> 0 | I329: =student_habits_performance!J329 -> Fair | J329: =student_habits_performance!L329 -> High School | K329: =student_habits_performance!M329 -> Poor | L329: =ROUND(student_habits_performance!F329,0) -> 3 | M329: =student_habits_performance!K329 -> 0 | N329: =student_habits_performance!G329 -> No | O329: =student_habits_performance!H329 -> 89.2 | P329: =student_habits_performance!Q329 -> 1
A330: Anusha Magrati | B330: Female | C330: 2703100948200426 | D330: =student_habits_performance!O330 -> No | E330: =student_habits_performance!I330 -> 5.8 | F330: =student_habits_performance!E330 -> 2.5 | G330: 1 | H330: =ROUND(LOG(student_habits_performance!N330),0) -> 1 | I330: =student_habits_performance!J330 -> Good | J330: =student_habits_performance!L330 -> Master | K330: =student_habits_performance!M330 -> Good | L330: =ROUND(student_habits_performance!F330,0) -> 1 | M330: =student_habits_performance!K330 -> 4 | N330: =student_habits_performance!G330 -> Yes | O330: =student_habits_performance!H330 -> 96.9 | P330: =student_habits_performance!Q330 -> 2
A331: Prabin Bahadur Pun | B331: Male | C331: 2703100948100398 | D331: =student_habits_performance!O331 -> No | E331: =student_habits_performance!I331 -> 6.7 | F331: =student_habits_performance!E331 -> 0.2 | G331: 4 | H331: =ROUND(LOG(student_habits_performance!N331),0) -> 1 | I331: =student_habits_performance!J331 -> Fair | J331: =student_habits_performance!L331 -> Bachelor | K331: =student_habits_performance!M331 -> Average | L331: =ROUND(student_habits_performance!F331,0) -> 0 | M331: =student_habits_performance!K331 -> 4 | N331: =student_habits_performance!G331 -> No | O331: =student_habits_performance!H331 -> 76.8 | P331: =student_habits_performance!Q331 -> 4
A332: MD Ibadullah Rain | B332: Male | C332: 2703100948007019 | D332: =student_habits_performance!O332 -> No | E332: =student_habits_performance!I332 -> 6.6 | F332: =student_habits_performance!E332 -> 2.5 | G332: 0 | H332: =ROUND(LOG(student_habits_performance!N332),0) -> 0 | I332: =student_habits_performance!J332 -> Good | J332: =student_habits_performance!L332 -> Master | K332: =student_habits_performance!M332 -> Average | L332: =ROUND(student_habits_performance!F332,0) -> 1 | M332: =student_habits_performance!K332 -> 6 | N332: =student_habits_performance!G332 -> No | O332: =student_habits_performance!H332 -> 95.9 | P332: =student_habits_performance!Q332 -> 2
A333: Aditya Dhakal | B333: Male | C333: 2703100948200388 | D333: =student_habits_performance!O333 -> Yes | E333: =student_habits_performance!I333 -> 7.7 | F333: =student_habits_performance!E333 -> 1.7 | G333: 3 | H333: =ROUND(LOG(student_habits_performance!N333),0) -> 0 | I333: =student_habits_performance!J333 -> Fair | J333: =student_habits_performance!L333 -> None | K333: =student_habits_performance!M333 -> Average | L333: =ROUND(student_habits_performance!F333,0) -> 2 | M333: =student_habits_performance!K333 -> 6 | N333: =student_habits_performance!G333 -> No | O333: =student_habits_performance!H333 -> 79.5 | P333: =student_habits_performance!Q333 -> 4
A334: Sumit Chadara | B334: Male | C334: 2703100948200425 | D334: =student_habits_performance!O334 -> No | E334: =student_habits_performance!I334 -> 7.7 | F334: =student_habits_performance!E334 -> 1.9 | G334: 3 | H334: =ROUND(LOG(student_habits_performance!N334),0) -> 1 | I334: =student_habits_performance!J334 -> Fair | J334: =student_habits_performance!L334 -> High School | K334: =student_habits_performance!M334 -> Poor | L334: =ROUND(student_habits_performance!F334,0) -> 2 | M334: =student_habits_performance!K334 -> 3 | N334: =student_habits_performance!G334 -> No | O334: =student_habits_performance!H334 -> 71.6 | P334: =student_habits_performance!Q334 -> 3
... A349: Rupa Bishwakarama | B349: Female | C349: 7101200228001012 | D349: =student_habits_performance!O349 -> No | E349: =student_habits_performance!I349 -> 7.7 | F349: =student_habits_performance!E349 -> 4 | G349: 0 | H349: =ROUND(LOG(student_habits_performance!N349),0) -> 0 | I349: =student_habits_performance!J349 -> Fair | J349: =student_habits_performance!L349 -> Master | K349: =student_habits_performance!M349 -> Average | L349: =ROUND(student_habits_performance!F349,0) -> 2 | M349: =student_habits_performance!K349 -> 0 | N349: =student_habits_performance!G349 -> No | O349: =student_habits_performance!H349 -> 91 | P349: =student_habits_performance!Q349 -> 3
A350: Rukshana Khatun | B350: #N/A | C350: 2703100948200419 | D350: =student_habits_performance!O350 -> No | E350: =student_habits_performance!I350 -> 5.8 | F350: =student_habits_performance!E350 -> 0.9 | G350: 0 | H350: =ROUND(LOG(student_habits_performance!N350),0) -> 0 | I350: =student_habits_performance!J350 -> Poor | J350: =student_habits_performance!L350 -> Bachelor | K350: =student_habits_performance!M350 -> Average | L350: =ROUND(student_habits_performance!F350,0) -> 2 | M350: =student_habits_performance!K350 -> 2 | N350: =student_habits_performance!G350 -> No | O350: =student_habits_performance!H350 -> 100 | P350: =student_habits_performance!Q350 -> 3
A351: Roshan Kumar Ray | B351: Male | C351: 2703100947905998 | D351: =student_habits_performance!O351 -> No | E351: =student_habits_performance!I351 -> 5.8 | F351: =student_habits_performance!E351 -> 0.9 | G351: 3 | H351: =ROUND(LOG(student_habits_performance!N351),0) -> 1 | I351: =student_habits_performance!J351 -> Poor | J351: =student_habits_performance!L351 -> Bachelor | K351: =student_habits_performance!M351 -> Average | L351: =ROUND(student_habits_performance!F351,0) -> 1 | M351: =student_habits_performance!K351 -> 5 | N351: =student_habits_performance!G351 -> No | O351: =student_habits_performance!H351 -> 89.2 | P351: =student_habits_performance!Q351 -> 4
A352: Rohan Mahaseth | B352: Male | C352: 1609000357600483 | D352: =student_habits_performance!O352 -> No | E352: =student_habits_performance!I352 -> 5.3 | F352: =student_habits_performance!E352 -> 3.1 | G352: 0 | H352: =ROUND(LOG(student_habits_performance!N352),0) -> 1 | I352: =student_habits_performance!J352 -> Good | J352: =student_habits_performance!L352 -> High School | K352: =student_habits_performance!M352 -> Average | L352: =ROUND(student_habits_performance!F352,0) -> 3 | M352: =student_habits_performance!K352 -> 3 | N352: =student_habits_performance!G352 -> No | O352: =student_habits_performance!H352 -> 72.8 | P352: =student_habits_performance!Q352 -> 2
A353: Riyans Yadav | B353: Male | C353: 2703100948200418 | D353: =student_habits_performance!O353 -> No | E353: =student_habits_performance!I353 -> 7.3 | F353: =student_habits_performance!E353 -> 3.2 | G353: 0 | H353: =ROUND(LOG(student_habits_performance!N353),0) -> 1 | I353: =student_habits_performance!J353 -> Good | J353: =student_habits_performance!L353 -> High School | K353: =student_habits_performance!M353 -> Good | L353: =ROUND(student_habits_performance!F353,0) -> 1 | M353: =student_habits_performance!K353 -> 0 | N353: =student_habits_performance!G353 -> No | O353: =student_habits_performance!H353 -> 98.6 | P353: =student_habits_performance!Q353 -> 3
A354: Ritish Rokaya | B354: Male | C354: 7002100027901859 | D354: =student_habits_performance!O354 -> Yes | E354: =student_habits_performance!I354 -> 8.2 | F354: =student_habits_performance!E354 -> 3.2 | G354: 0 | H354: =ROUND(LOG(student_habits_performance!N354),0) -> 1 | I354: =student_habits_performance!J354 -> Good | J354: =student_habits_performance!L354 -> Bachelor | K354: =student_habits_performance!M354 -> Good | L354: =ROUND(student_habits_performance!F354,0) -> 4 | M354: =student_habits_performance!K354 -> 5 | N354: =student_habits_performance!G354 -> No | O354: =student_habits_performance!H354 -> 78.9 | P354: =student_habits_performance!Q354 -> 2
A355: Risab Ranjan Raj Adhikari | B355: Male | C355: 2703100948200417 | D355: =student_habits_performance!O355 -> No | E355: =student_habits_performance!I355 -> 6.1 | F355: =student_habits_performance!E355 -> 2.2 | G355: 2 | H355: =ROUND(LOG(student_habits_performance!N355),0) -> 1 | I355: =student_habits_performance!J355 -> Fair | J355: =student_habits_performance!L355 -> High School | K355: =student_habits_performance!M355 -> Good | L355: =ROUND(student_habits_performance!F355,0) -> 0 | M355: =student_habits_performance!K355 -> 2 | N355: =student_habits_performance!G355 -> No | O355: =student_habits_performance!H355 -> 94.1 | P355: =student_habits_performance!Q355 -> 2
A356: Rejina Subedi | B356: Female | C356: 1503900127500060 | D356: =student_habits_performance!O356 -> No | E356: =student_habits_performance!I356 -> 6.2 | F356: =student_habits_performance!E356 -> 2.3 | G356: 3 | H356: =ROUND(LOG(student_habits_performance!N356),0) -> 0 | I356: =student_habits_performance!J356 -> Good | J356: =student_habits_performance!L356 -> High School | K356: =student_habits_performance!M356 -> Good | L356: =ROUND(student_habits_performance!F356,0) -> 2 | M356: =student_habits_performance!K356 -> 1 | N356: =student_habits_performance!G356 -> No | O356: =student_habits_performance!H356 -> 100 | P356: =student_habits_performance!Q356 -> 2
A357: Raunak Yadav | B357: Male | C357: 3102000297804348 | D357: =student_habits_performance!O357 -> No | E357: =student_habits_performance!I357 -> 8.3 | F357: =student_habits_performance!E357 -> 2.9 | G357: 3 | H357: =ROUND(LOG(student_habits_performance!N357),0) -> 1 | I357: =student_habits_performance!J357 -> Good | J357: =student_habits_performance!L357 -> High School | K357: =student_habits_performance!M357 -> Average | L357: =ROUND(student_habits_performance!F357,0) -> 2 | M357: =student_habits_performance!K357 -> 2 | N357: =student_habits_performance!G357 -> Yes | O357: =student_habits_performance!H357 -> 89.6 | P357: =student_habits_performance!Q357 -> 3
A358: Prinsh Kumar Mahato | B358: Male | C358: 1100700057500563 | D358: =student_habits_performance!O358 -> No | E358: =student_habits_performance!I358 -> 7.1 | F358: =student_habits_performance!E358 -> 2.6 | G358: 1 | H358: =ROUND(LOG(student_habits_performance!N358),0) -> 1 | I358: =student_habits_performance!J358 -> Good | J358: =student_habits_performance!L358 -> High School | K358: =student_habits_performance!M358 -> Average | L358: =ROUND(student_habits_performance!F358,0) -> 1 | M358: =student_habits_performance!K358 -> 6 | N358: =student_habits_performance!G358 -> Yes | O358: =student_habits_performance!H358 -> 70 | P358: =student_habits_performance!Q358 -> 4
A359: PRABHAT KUMAR JHA | B359: Male | C359: 2600200077501218 | D359: =student_habits_performance!O359 -> No | E359: =student_habits_performance!I359 -> 7 | F359: =student_habits_performance!E359 -> 0 | G359: 0 | H359: =ROUND(LOG(student_habits_performance!N359),0) -> 0 | I359: =student_habits_performance!J359 -> Fair | J359: =student_habits_performance!L359 -> Bachelor | K359: =student_habits_performance!M359 -> Average | L359: =ROUND(student_habits_performance!F359,0) -> 2 | M359: =student_habits_performance!K359 -> 2 | N359: =student_habits_performance!G359 -> No | O359: =student_habits_performance!H359 -> 75.8 | P359: =student_habits_performance!Q359 -> 3
A360: Parash Khadka | B360: Male | C360: 2703100948200414 | D360: =student_habits_performance!O360 -> No | E360: =student_habits_performance!I360 -> 5.1 | F360: =student_habits_performance!E360 -> 2.2 | G360: 3 | H360: =ROUND(LOG(student_habits_performance!N360),0) -> 1 | I360: =student_habits_performance!J360 -> Good | J360: =student_habits_performance!L360 -> High School | K360: =student_habits_performance!M360 -> Average | L360: =ROUND(student_habits_performance!F360,0) -> 3 | M360: =student_habits_performance!K360 -> 5 | N360: =student_habits_performance!G360 -> No | O360: =student_habits_performance!H360 -> 98.2 | P360: =student_habits_performance!Q360 -> 2
A361: Nishant Kumar Sah | B361: Male | C361: 2703100948200413 | D361: =student_habits_performance!O361 -> Yes | E361: =student_habits_performance!I361 -> 7.3 | F361: =student_habits_performance!E361 -> 1.5 | G361: 1 | H361: =ROUND(LOG(student_habits_performance!N361),0) -> 0 | I361: =student_habits_performance!J361 -> Good | J361: =student_habits_performance!L361 -> Bachelor | K361: =student_habits_performance!M361 -> Good | L361: =ROUND(student_habits_performance!F361,0) -> 0 | M361: =student_habits_performance!K361 -> 5 | N361: =student_habits_performance!G361 -> No | O361: =student_habits_performance!H361 -> 83.3 | P361: =student_habits_performance!Q361 -> 4
A362: Niranjan Joshi | B362: Male | C362: 7201300147801853 | D362: =student_habits_performance!O362 -> No | E362: =student_habits_performance!I362 -> 5.4 | F362: =student_habits_performance!E362 -> 2.7 | G362: 2 | H362: =ROUND(LOG(student_habits_performance!N362),0) -> 1 | I362: =student_habits_performance!J362 -> Good | J362: =student_habits_performance!L362 -> High School | K362: =student_habits_performance!M362 -> Good | L362: =ROUND(student_habits_performance!F362,0) -> 2 | M362: =student_habits_performance!K362 -> 4 | N362: =student_habits_performance!G362 -> Yes | O362: =student_habits_performance!H362 -> 85.8 | P362: =student_habits_performance!Q362 -> 3
... A370: Krishal Chauhan | B370: Male | C370: 2104000078000396 | D370: =student_habits_performance!O370 -> No | E370: =student_habits_performance!I370 -> 4.2 | F370: =student_habits_performance!E370 -> 5 | G370: 2 | H370: =ROUND(LOG(student_habits_performance!N370),0) -> 1 | I370: =student_habits_performance!J370 -> Fair | J370: =student_habits_performance!L370 -> Bachelor | K370: =student_habits_performance!M370 -> Good | L370: =ROUND(student_habits_performance!F370,0) -> 0 | M370: =student_habits_performance!K370 -> 3 | N370: =student_habits_performance!G370 -> Yes | O370: =student_habits_performance!H370 -> 82.4 | P370: =student_habits_performance!Q370 -> 3
A371: Krish Prasad Jaiswal | B371: #N/A | C371: 2703100948200406 | D371: =student_habits_performance!O371 -> No | E371: =student_habits_performance!I371 -> 7.7 | F371: =student_habits_performance!E371 -> 1.1 | G371: 4 | H371: =ROUND(LOG(student_habits_performance!N371),0) -> 1 | I371: =student_habits_performance!J371 -> Poor | J371: =student_habits_performance!L371 -> Bachelor | K371: =student_habits_performance!M371 -> Average | L371: =ROUND(student_habits_performance!F371,0) -> 1 | M371: =student_habits_performance!K371 -> 6 | N371: =student_habits_performance!G371 -> Yes | O371: =student_habits_performance!H371 -> 95.8 | P371: =student_habits_performance!Q371 -> 3
A372: Kiran Ayer | B372: #N/A | C372: 2703100948200405 | D372: =student_habits_performance!O372 -> Yes | E372: =student_habits_performance!I372 -> 5.5 | F372: =student_habits_performance!E372 -> 3.1 | G372: 0 | H372: =ROUND(LOG(student_habits_performance!N372),0) -> 1 | I372: =student_habits_performance!J372 -> Fair | J372: =student_habits_performance!L372 -> High School | K372: =student_habits_performance!M372 -> Average | L372: =ROUND(student_habits_performance!F372,0) -> 3 | M372: =student_habits_performance!K372 -> 1 | N372: =student_habits_performance!G372 -> Yes | O372: =student_habits_performance!H372 -> 83.7 | P372: =student_habits_performance!Q372 -> 2
A373: Kushal Hang Limbu | B373: Male | C373: 2703100948200404 | D373: =student_habits_performance!O373 -> No | E373: =student_habits_performance!I373 -> 7.5 | F373: =student_habits_performance!E373 -> 1.4 | G373: 1 | H373: =ROUND(LOG(student_habits_performance!N373),0) -> 1 | I373: =student_habits_performance!J373 -> Good | J373: =student_habits_performance!L373 -> Bachelor | K373: =student_habits_performance!M373 -> Average | L373: =ROUND(student_habits_performance!F373,0) -> 4 | M373: =student_habits_performance!K373 -> 2 | N373: =student_habits_performance!G373 -> Yes | O373: =student_habits_performance!H373 -> 76.5 | P373: =student_habits_performance!Q373 -> 1
A374: Karuna B.K | B374: Female | C374: 2703100948200403 | D374: =student_habits_performance!O374 -> No | E374: =student_habits_performance!I374 -> 6.4 | F374: =student_habits_performance!E374 -> 3.2 | G374: 3 | H374: =ROUND(LOG(student_habits_performance!N374),0) -> 0 | I374: =student_habits_performance!J374 -> Fair | J374: =student_habits_performance!L374 -> High School | K374: =student_habits_performance!M374 -> Good | L374: =ROUND(student_habits_performance!F374,0) -> 2 | M374: =student_habits_performance!K374 -> 6 | N374: =student_habits_performance!G374 -> No | O374: =student_habits_performance!H374 -> 77.4 | P374: =student_habits_performance!Q374 -> 3
A375: Karan Kumar Yadav | B375: Male | C375: 2703100948200402 | D375: =student_habits_performance!O375 -> Yes | E375: =student_habits_performance!I375 -> 6.5 | F375: =student_habits_performance!E375 -> 1.4 | G375: 4 | H375: =ROUND(LOG(student_habits_performance!N375),0) -> 1 | I375: =student_habits_performance!J375 -> Poor | J375: =student_habits_performance!L375 -> Bachelor | K375: =student_habits_performance!M375 -> Good | L375: =ROUND(student_habits_performance!F375,0) -> 0 | M375: =student_habits_performance!K375 -> 0 | N375: =student_habits_performance!G375 -> No | O375: =student_habits_performance!H375 -> 75.2 | P375: =student_habits_performance!Q375 -> 3
A376: Kanchan Rai | B376: Female | C376: 2703100948200401 | D376: =student_habits_performance!O376 -> No | E376: =student_habits_performance!I376 -> 6.3 | F376: =student_habits_performance!E376 -> 2 | G376: 0 | H376: =ROUND(LOG(student_habits_performance!N376),0) -> 1 | I376: =student_habits_performance!J376 -> Fair | J376: =student_habits_performance!L376 -> High School | K376: =student_habits_performance!M376 -> Good | L376: =ROUND(student_habits_performance!F376,0) -> 4 | M376: =student_habits_performance!K376 -> 4 | N376: =student_habits_performance!G376 -> Yes | O376: =student_habits_performance!H376 -> 82.3 | P376: =student_habits_performance!Q376 -> 2
A377: Indrajeet Sah | B377: Male | C377: 1506700098001481 | D377: =student_habits_performance!O377 -> Yes | E377: =student_habits_performance!I377 -> 8 | F377: =student_habits_performance!E377 -> 2.1 | G377: 4 | H377: =ROUND(LOG(student_habits_performance!N377),0) -> 0 | I377: =student_habits_performance!J377 -> Fair | J377: =student_habits_performance!L377 -> Bachelor | K377: =student_habits_performance!M377 -> Average | L377: =ROUND(student_habits_performance!F377,0) -> 4 | M377: =student_habits_performance!K377 -> 6 | N377: =student_habits_performance!G377 -> Yes | O377: =student_habits_performance!H377 -> 97.3 | P377: =student_habits_performance!Q377 -> 2
A378: Gautam Kumar Yadav | B378: Male | C378: 1906400648000872 | D378: =student_habits_performance!O378 -> No | E378: =student_habits_performance!I378 -> 5 | F378: =student_habits_performance!E378 -> 3.7 | G378: 0 | H378: =ROUND(LOG(student_habits_performance!N378),0) -> 1 | I378: =student_habits_performance!J378 -> Poor | J378: =student_habits_performance!L378 -> None | K378: =student_habits_performance!M378 -> Good | L378: =ROUND(student_habits_performance!F378,0) -> 3 | M378: =student_habits_performance!K378 -> 3 | N378: =student_habits_performance!G378 -> No | O378: =student_habits_performance!H378 -> 76.9 | P378: =student_habits_performance!Q378 -> 3
A379: Ganga Acharya | B379: Female | C379: 2703100948200399 | D379: =student_habits_performance!O379 -> Yes | E379: =student_habits_performance!I379 -> 7.2 | F379: =student_habits_performance!E379 -> 3.6 | G379: 3 | H379: =ROUND(LOG(student_habits_performance!N379),0) -> 1 | I379: =student_habits_performance!J379 -> Good | J379: =student_habits_performance!L379 -> High School | K379: =student_habits_performance!M379 -> Poor | L379: =ROUND(student_habits_performance!F379,0) -> 1 | M379: =student_habits_performance!K379 -> 2 | N379: =student_habits_performance!G379 -> No | O379: =student_habits_performance!H379 -> 86.9 | P379: =student_habits_performance!Q379 -> 3
A380: Galish Thapa | B380: Male | C380: 2703100948200398 | D380: =student_habits_performance!O380 -> No | E380: =student_habits_performance!I380 -> 7.8 | F380: =student_habits_performance!E380 -> 1 | G380: 3 | H380: =ROUND(LOG(student_habits_performance!N380),0) -> 1 | I380: =student_habits_performance!J380 -> Good | J380: =student_habits_performance!L380 -> Bachelor | K380: =student_habits_performance!M380 -> Good | L380: =ROUND(student_habits_performance!F380,0) -> 2 | M380: =student_habits_performance!K380 -> 6 | N380: =student_habits_performance!G380 -> No | O380: =student_habits_performance!H380 -> 78.4 | P380: =student_habits_performance!Q380 -> 3
A381: Diya Kandel | B381: Female | C381: 2703100948200396 | D381: =student_habits_performance!O381 -> No | E381: =student_habits_performance!I381 -> 7.4 | F381: =student_habits_performance!E381 -> 2.6 | G381: 2 | H381: =ROUND(LOG(student_habits_performance!N381),0) -> 0 | I381: =student_habits_performance!J381 -> Good | J381: =student_habits_performance!L381 -> High School | K381: =student_habits_performance!M381 -> Average | L381: =ROUND(student_habits_performance!F381,0) -> 2 | M381: =student_habits_performance!K381 -> 5 | N381: =student_habits_performance!G381 -> No | O381: =student_habits_performance!H381 -> 82.4 | P381: =student_habits_performance!Q381 -> 1
A382: Divyaraj Ghimire | B382: Male | C382: 2703100948200397 | D382: =student_habits_performance!O382 -> No | E382: =student_habits_performance!I382 -> 9.3 | F382: =student_habits_performance!E382 -> 1.6 | G382: 2 | H382: =ROUND(LOG(student_habits_performance!N382),0) -> 1 | I382: =student_habits_performance!J382 -> Good | J382: =student_habits_performance!L382 -> Bachelor | K382: =student_habits_performance!M382 -> Average | L382: =ROUND(student_habits_performance!F382,0) -> 2 | M382: =student_habits_performance!K382 -> 0 | N382: =student_habits_performance!G382 -> No | O382: =student_habits_performance!H382 -> 69.9 | P382: =student_habits_performance!Q382 -> 3
A383: Dipendra Kumar Sah | B383: Male | C383: 1609000267401552 | D383: =student_habits_performance!O383 -> No | E383: =student_habits_performance!I383 -> 5.9 | F383: =student_habits_performance!E383 -> 1 | G383: 1 | H383: =ROUND(LOG(student_habits_performance!N383),0) -> 1 | I383: =student_habits_performance!J383 -> Poor | J383: =student_habits_performance!L383 -> Bachelor | K383: =student_habits_performance!M383 -> Good | L383: =ROUND(student_habits_performance!F383,0) -> 3 | M383: =student_habits_performance!K383 -> 4 | N383: =student_habits_performance!G383 -> No | O383: =student_habits_performance!H383 -> 82.8 | P383: =student_habits_performance!Q383 -> 4
A384: Dhiraj Kumar Thakur | B384: Male | C384: 1806000117600440 | D384: =student_habits_performance!O384 -> No | E384: =student_habits_performance!I384 -> 7.6 | F384: =student_habits_performance!E384 -> 2.2 | G384: 2 | H384: =ROUND(LOG(student_habits_performance!N384),0) -> 1 | I384: =student_habits_performance!J384 -> Good | J384: =student_habits_performance!L384 -> Bachelor | K384: =student_habits_performance!M384 -> Average | L384: =ROUND(student_habits_performance!F384,0) -> 3 | M384: =student_habits_performance!K384 -> 0 | N384: =student_habits_performance!G384 -> Yes | O384: =student_habits_performance!H384 -> 83.1 | P384: =student_habits_performance!Q384 -> 4
... A575: Alisa Rana | B575: Female | C575: 2703100947905849 | D575: =student_habits_performance!O575 -> No | E575: =student_habits_performance!I575 -> 8.2 | F575: =student_habits_performance!E575 -> 1.4 | G575: 4 | H575: =ROUND(LOG(student_habits_performance!N575),0) -> 0 | I575: =student_habits_performance!J575 -> Fair | J575: =student_habits_performance!L575 -> Bachelor | K575: =student_habits_performance!M575 -> Good | L575: =ROUND(student_habits_performance!F575,0) -> 2 | M575: =student_habits_performance!K575 -> 5 | N575: =student_habits_performance!G575 -> No | O575: =student_habits_performance!H575 -> 83.6 | P575: =student_habits_performance!Q575 -> 3
A576: Arun Dhami | B576: #N/A | C576: 2703100948200370 | D576: =student_habits_performance!O576 -> No | E576: =student_habits_performance!I576 -> 8.4 | F576: =student_habits_performance!E576 -> 4.9 | G576: 2 | H576: =ROUND(LOG(student_habits_performance!N576),0) -> 0 | I576: =student_habits_performance!J576 -> Poor | J576: =student_habits_performance!L576 -> Bachelor | K576: =student_habits_performance!M576 -> Average | L576: =ROUND(student_habits_performance!F576,0) -> 3 | M576: =student_habits_performance!K576 -> 6 | N576: =student_habits_performance!G576 -> No | O576: =student_habits_performance!H576 -> 86.4 | P576: =student_habits_performance!Q576 -> 4
A577: Anju Rai | B577: Female | C577: 0900500077200272 | D577: =student_habits_performance!O577 -> Yes | E577: =student_habits_performance!I577 -> 7.6 | F577: =student_habits_performance!E577 -> 1.9 | G577: 1 | H577: =ROUND(LOG(student_habits_performance!N577),0) -> 0 | I577: =student_habits_performance!J577 -> Fair | J577: =student_habits_performance!L577 -> Master | K577: =student_habits_performance!M577 -> Good | L577: =ROUND(student_habits_performance!F577,0) -> 2 | M577: =student_habits_performance!K577 -> 4 | N577: =student_habits_performance!G577 -> No | O577: =student_habits_performance!H577 -> 92.3 | P577: =student_habits_performance!Q577 -> 2
A578: Laxmi Rai | B578: Female | C578: 2703100947906658 | D578: =student_habits_performance!O578 -> No | E578: =student_habits_performance!I578 -> 5.6 | F578: =student_habits_performance!E578 -> 2.1 | G578: 1 | H578: =ROUND(LOG(student_habits_performance!N578),0) -> 1 | I578: =student_habits_performance!J578 -> Fair | J578: =student_habits_performance!L578 -> High School | K578: =student_habits_performance!M578 -> Good | L578: =ROUND(student_habits_performance!F578,0) -> 1 | M578: =student_habits_performance!K578 -> 3 | N578: =student_habits_performance!G578 -> No | O578: =student_habits_performance!H578 -> 91.4 | P578: =student_habits_performance!Q578 -> 2
A579: Yusuf Khan | B579: Male | C579: 2703100947906029 | D579: =student_habits_performance!O579 -> Yes | E579: =student_habits_performance!I579 -> 6.1 | F579: =student_habits_performance!E579 -> 2.9 | G579: 3 | H579: =ROUND(LOG(student_habits_performance!N579),0) -> 0 | I579: =student_habits_performance!J579 -> Fair | J579: =student_habits_performance!L579 -> Bachelor | K579: =student_habits_performance!M579 -> Good | L579: =ROUND(student_habits_performance!F579,0) -> 2 | M579: =student_habits_performance!K579 -> 4 | N579: =student_habits_performance!G579 -> Yes | O579: =student_habits_performance!H579 -> 87.6 | P579: =student_habits_performance!Q579 -> 2
A580: Upendra Prasad Joshi | B580: Male | C580: 5703200277901806 | D580: =student_habits_performance!O580 -> No | E580: =student_habits_performance!I580 -> 6.7 | F580: =student_habits_performance!E580 -> 4.4 | G580: 0 | H580: =ROUND(LOG(student_habits_performance!N580),0) -> 0 | I580: =student_habits_performance!J580 -> Fair | J580: =student_habits_performance!L580 -> High School | K580: =student_habits_performance!M580 -> Average | L580: =ROUND(student_habits_performance!F580,0) -> 1 | M580: =student_habits_performance!K580 -> 4 | N580: =student_habits_performance!G580 -> Yes | O580: =student_habits_performance!H580 -> 97 | P580: =student_habits_performance!Q580 -> 3
A581: Unika Shahi | B581: Female | C581: 2703100947906018 | D581: =student_habits_performance!O581 -> Yes | E581: =student_habits_performance!I581 -> 5.7 | F581: =student_habits_performance!E581 -> 3.5 | G581: 2 | H581: =ROUND(LOG(student_habits_performance!N581),0) -> 1 | I581: =student_habits_performance!J581 -> Good | J581: =student_habits_performance!L581 -> High School | K581: =student_habits_performance!M581 -> Average | L581: =ROUND(student_habits_performance!F581,0) -> 0 | M581: =student_habits_performance!K581 -> 3 | N581: =student_habits_performance!G581 -> Yes | O581: =student_habits_performance!H581 -> 69.8 | P581: =student_habits_performance!Q581 -> 4
A582: Unika Gole | B582: Female | C582: 2703107017400158 | D582: =student_habits_performance!O582 -> No | E582: =student_habits_performance!I582 -> 8.5 | F582: =student_habits_performance!E582 -> 3 | G582: 1 | H582: =ROUND(LOG(student_habits_performance!N582),0) -> 1 | I582: =student_habits_performance!J582 -> Good | J582: =student_habits_performance!L582 -> Master | K582: =student_habits_performance!M582 -> Average | L582: =ROUND(student_habits_performance!F582,0) -> 1 | M582: =student_habits_performance!K582 -> 5 | N582: =student_habits_performance!G582 -> No | O582: =student_habits_performance!H582 -> 90 | P582: =student_habits_performance!Q582 -> 3
...
